Census_No;Pirivena_No;NAME OF THE PIRIVENA;ADDRESS;DISTRICT;DISTRICT NO.;PROVINCE;EDU ZONE;EDU DIVISION;PIRIVEN TYPE
401032;1101;WP/CO/ SRI WACHISSARA MULIKA PIRIVENA;66/5,SRI WACHISSARA NATHERO RD,KIRULAPANA,COLOMBO 5.;COLOMBO;1;WESTERN;COLOMBO;NARAHENPITA;MULIKA
401015;1102;WP/CO/ MAHA VISUDDHARAMA THRIPITAKA MULIKA PIRIVENA;283,SIRIDHAMMA MAWATHA,COLOMBO 10.;COLOMBO;1;WESTERN;COLOMBO;BORELLA;MULIKA
401039;1103;WP/CO/ SRI PANGNALOKA MULIKA PIRIVENA;NO.166 POORWARAMA.RD,KIRULAPANA,COLOMBO 5.;COLOMBO;1;WESTERN;COLOMBO;COLOMBO;MULIKA
401015;1104;WP/CO/ SIRISUMANA MULIKA PIRIVENA;NO160,WARD PLACE,BORELLA,COLOMBO-7.;COLOMBO;1;WESTERN;COLOMBO;COLOMBO;MULIKA
401043;1105;WP/CO/ VIDYANIKETHA MULIKA PIRIVENA;POORWARAMAYA,GUNASINGHEPURA,COLOMBO 12.;COLOMBO;1;WESTERN;COLOMBO;COLOMBO CENTRAL;MULIKA
401009;1106;WP/CO/ SRI DHARMODAYA MULIKA PIRIVENA;NO 190,W.A. SILVA MAWATHA,WELLAWATTA.;COLOMBO;1;WESTERN;COLOMBO;NARAHENPITA;MULIKA
401024;1107;WP/CO/ SRI DHARMAKEERTHI MULIKA PIRIVENA;POLWATTA PANSALA,KOLLUPITIYA,COLOMBO3.;COLOMBO;1;WESTERN;COLOMBO;NARAHENPITA;MULIKA
401023;1108;CO/HO/ SRI VIDYASANVARDHANA MULIKA PIRIVIENA;KIRIWANDALA,PUWAKPITIYA.;COLOMBO;1;WESTERN;HOMAGAMA;HANWELLA;MULIKA
401040;1109;CO/HO/ VIDYAVARDHANA MULIKA PIRIVENA;STATION RD,HOMAGAMA.;COLOMBO;1;WESTERN;HOMAGAMA;HOMAGAMA;MULIKA
401049;1110;CO/HO/ ARYANIKETHANA DHIVIBASHA MULIKA PIRIVENA;NO 16/B SRI SEELALANKARA RD, MULLEGAMA, HOMAGAMA.;COLOMBO;1;WESTERN;HOMAGAMA;HOMAGAMA;MULIKA
401047;1111;CO/HO/ SRI MALIYADHEU MULIKA PIRIVENA;EMBULGAMA RAJAMAHA VIHARAYA,EMBULGAMA,HANWELLA.;COLOMBO;1;WESTERN;HOMAGAMA;HOMAGAMA;MULIKA
401035;1112;CO/HO/ SRI SUMANA MULIKA PIRIWENA;THUNMODHARA,VAGA.;COLOMBO;1;WESTERN;HOMAGAMA;PADUKKA;MULIKA
401033;1113;CO/HO/ VIMALAJOTHI MULIKA PIRIVENA;PURANA GALLEN MAHA VIHARAYA,UDUMULLA,PADUKKA.;COLOMBO;1;WESTERN;HOMAGAMA;PADUKKA;MULIKA
401037;1114;CO/HO/ MADHURASAMA MULIKA PIRIVENA;DOMPEY,MEEGODA.;COLOMBO;1;WESTERN;HOMAGAMA;PADUKKA;MULIKA
401054;1115;WP/PILI/ SRI DHARMARAKSHITHA THRIPITAKA DHARMAYATHANA MULIKA PIRIVENA;MALLIKARAMAYA - SIRIMAL UYANA,RATHMALANA.;COLOMBO;1;WESTERN;PILIYANDALA;BELLANTHARA;MULIKA
401050;1116;WP/PILI/ SHASTHRANANDA MULIKA PIRIVENA;NO.192,KARAGAMPITIYA,DEHIWALA.;COLOMBO;1;WESTERN;PILIYANDALA;DEHIWALA;MULIKA
401025;1117;WP/PILI/ NALANDA DHARMAYATHANA MULIKA PIRIVENA;DAKSHINARAMAYA,DAKSHINARAMA RD,MOUNT LAVINIA.;COLOMBO;1;WESTERN;PILIYANDALA;DEHIWALA;MULIKA
401055;1118;WP/PILI/ SILUMINI DWEEBHASHA MULIKA PIRIVENA;SILUMINI MAHA VIHARAYA, POLHENA, MADAPATHA.;COLOMBO;1;WESTERN;PILIYANDALA;KESBEWA;MULIKA
401030;1119;WP/PILI/ SIRI GUNARATHNA MULIKA PIRIVENA;SWARNASHAILYA BIMBARAMAYA,KATUBEDDA,MORATUWA.;COLOMBO;1;WESTERN;PILIYANDALA;MORATUWA;MULIKA
401014;1120;WP/PILI/ SRI DHARMARAJA MULIKA PIRIVENA;SRI BODHIRUKKHARAMAYA,MORARUMULLA,MORATUWA.;COLOMBO;1;WESTERN;PILIYANDALA;MORATUWA;MULIKA
401034;1121;WP/PILI/ SRI METHTHINDHA MULIKA PIRIVENA;SRI THALARUKKARAMAYA, EGODA UYANA, MORATUWA.;COLOMBO;1;WESTERN;PILIYANDALA;MORATUWA;MULIKA
401034;1122;WP/PILI/ SRI GANALOKA MULIKA PIRIVENA;SRI SAMBHODHI NUGASRAMA VIHARAYA,SOYISAPURA,MORATUVA.;COLOMBO;1;WESTERN;PILIYANDALA;MORATUWA;MULIKA
401045;1123;WP/PILI/ SRI SUMANATHISSA MULIKA PIRIVENA;PINWATHTHA,DEHIWALA.;COLOMBO;1;WESTERN;PILIYANDALA;NIKAPE;MULIKA
401053;1124;WP/PILI/ VIDYASAMADHI MULIKA PIRIVENA;111/2,PELAN WATTHA PANNIPITIYA.;COLOMBO;1;WESTERN;PILIYANDALA;PILIYANDALA;MULIKA
401017;1125;CO/JAYA/ SRI VIDYALOKA MULIKA PIRIVENA;SRI MEDHANANDA MAWATHA,PAHALA BOMIRIYA, KADUWELA;COLOMBO;1;WESTERN;SRI JAYA'PURA;BATTARAMULLA;MULIKA
401010;1126;CO/JAYA/ SRI MAHINDA MULIKA PIRIVENA;RANALA,KADUWELA.;COLOMBO;1;WESTERN;SRI JAYA'PURA;KADUWELA;MULIKA
401036;1127;CO/JAYA/ SIRI SUMANA MULIKA PIRIVENA;SRI BAWDDHARAMAYA,THALAWATHUGODA.;COLOMBO;1;WESTERN;SRI JAYA'PURA;KADUWELA;MULIKA
401048;1128;CO/ SRI SAMBUDDHATHWA JAYANTHI DHAKSHINARAMA DHIVIBHASHA MULIKA PIRIVENA.;DHAKSHINARAMAYA, HOKANDARA SOUTH, HOKANDARA.;COLOMBO;1;WESTERN;SRI JAYA'PURA;KADUWELA;MULIKA
401026;1129;CO/JAYA/ SRI VANGEESA MULIKA PIRIVENA;KALAPALUWAVA,MULLERIYAVA - NAVANAGARA.;COLOMBO;1;WESTERN;SRI JAYA'PURA;KOLONNAWA;MULIKA
401027;1130;CO/JAYA/ BODHIVIHARA MULIKA PIRIWENA;BHODHIYA PARA,UDAHAMULLA,NUGEGODA.;COLOMBO;1;WESTERN;SRI JAYA'PURA;MAHARAGAMA;MULIKA
401046;1131;CO/JAYA/ SUNETHRA MAHADEVI MULIKA PIRIVENA;THERAWADHI INTERNATIONAL BUDDHIST CENTER,SRI SORATHA MAWATHA,GANGODAWILA,NUGEGODA.;COLOMBO;1;WESTERN;SRI JAYA'PURA;MAHARAGAMA;MULIKA
401018;1132;CO/JAYA/ SIRI PERAKUMBA MULIKA PIRIVENA;SRI JAYAWARDHANAPURA,ETHUL KOOTTE,KOTTE.;COLOMBO;1;WESTERN;SRI JAYA'PURA;NUGEGODA;MULIKA
401044;1133;CO/JAYA/ SUBHADDRARAMA MULIKA PIRIVENA;84,SRI VIVEKARAMAYA,PEGIRIWATTA RD,GANGODAWILA, NUGEGODA.;COLOMBO;1;WESTERN;SRI JAYA'PURA;NUGEGODA;MULIKA
401052;1134;CO/JAYA/ DHAMMADEEPA DWEEBHASHA MULIKA PIRIVENA;SRI MAHA VIHARAYA, PORE, ATHURIGIRIYA.;COLOMBO;1;WESTERN;SRI JAYA'PURA;SRI JAYA'PURA;MULIKA
401039;1201;WP/CO/ SRI LANKA VIDYALAYA MAHA PIRIVENA;58,SRI VIPULASENA MAWATHA,MARADANA,COLOMBO 10.;COLOMBO;1;WESTERN;COLOMBO;NARAHENPITA;MAHA
401011;1202;WP/CO/ DHAMMADUTHASSRAMA MAHA PIRIVENA;NO174, SRI WAJIRAGYANA MAWATHA,DEMATAGODA,COLOMBO-9.;COLOMBO;1;WESTERN;COLOMBO;COLOMBO CENTRAL;MAHA
401021;1203;CO/HO/ SRI NYAGRODHA MAHA PIRIVENA;KARAGALLA,KOSGAMA.;COLOMBO;1;WESTERN;HOMAGAMA;HANWELLA;MAHA
401012;1204;PARAMADHAMMACHETHIYA MAHA PIRIVENA;NO.70,PIRIVENA ROAD,MT LAVINIA,RATHMALANA.;COLOMBO;1;WESTERN;PILIYANDALA;DEHIWALA;MAHA
401028;1205;WP/PILI/ NANADANA MAHA PIRIVENA;SRI VIJAYASUNDARARAMAYA,KESBEWA.;COLOMBO;1;WESTERN;PILIYANDALA;PILIYANDALA;MAHA
401001;1206;WP/PILI/ SRI VIDYASHANTHI MAHA PIRIVENA;NO429,SIRI MAGALAWATTA PARA,PILIYANDALA.;COLOMBO;1;WESTERN;PILIYANDALA;PILIYANDALA;MAHA
401038;1207;CO/JAYA/ THAKSHILA MAHA PIRIVENA;SANKAPITTI VIHARAYA,KOTHALAWALA,KADUWELA.;COLOMBO;1;WESTERN;SRI JAYA'PURA;KADUWELA;MAHA
401041;1208;CO/JAYA/ SRI SUMANANANDHA MAHA PIRIVENA;SRI NEELAMALLIKARAMAYA,NAWA NAGARAYA,MULLERIYAWA.;COLOMBO;1;WESTERN;SRI JAYA'PURA;KOLONNAWA;MAHA
401003;1209;CO/JAYA/ VIDYALANKARA MAHA PIRIVENA;PANNIPITIYA;COLOMBO;1;WESTERN;SRI JAYA'PURA;MAHARAGAMA;MAHA
401019;1210;CO/JAYA/ SRI PANGANANDA MAHA PIRIVENA;NO.80,NAGAHAWATTA ROAD,MAHARAGAMA.;COLOMBO;1;WESTERN;SRI JAYA'PURA;MAHARAGAMA;MAHA
401042;1211;CO/JAYA/ SRI PANNODHAYA MAHA PIRIVENA;GANGODAWILA,NUGEGODA.;COLOMBO;1;WESTERN;SRI JAYA'PURA;MAHARAGAMA;MAHA
401501;1401;SRI SUDHARMA MEHENI EDUCATION CENTER;SRI SANGAMITTARAMAYA, MADIWELA, KOTTE.;COLOMBO;1;WESTERN;SRI JAYA'PURA;MAHARAGAMA;SEELAMATHA
401502;1402;SRI CHANDRODAYA BILINGUAL SEELAMATHA EDUCATION CENTER;MATHIKA MAATHA ARAMAYA, SENANAYAKA PLACE;COLOMBO;1;WESTERN;SRI JAYA'PURA;SRI JAYA'PURA;SEELAMATHA
0;1501;CO/ VIDYODAYA PIRIVENA;MALIGAKANDA.;COLOMBO;1;WESTERN;COLOMBO;;SPECIAL
402018;2101;GAM/ SRI VIDYASARA MULIKA PIRIVENA;RUKMALE,WEYANGODA.;GAMPAHA;2;WESTERN;GAMPAHA;ATTANAGALLA;MULIKA
402030;2102;GAM/ SRI PRAGNASARA MULIKA PIRIVENA;NEGOMBO RD, WEYANGODA.;GAMPAHA;2;WESTERN;GAMPAHA;ATTANAGALLA;MULIKA
402042;2103;GAM/ SRI WICKRAMASHEELA CLERGY TRAINING MULIKA PIRIVENA;UDUGODA, RUGGAHAWILA.;GAMPAHA;2;WESTERN;GAMPAHA;ATTANAGALLA;MULIKA
402044;2104;GAM/ SRI WARDHANA MULIKA PIRIVENA;BEMMULLA.;GAMPAHA;2;WESTERN;GAMPAHA;ATTANAGALLA;MULIKA
402059;2105;GAM/ SRI NALIKERARAMA DHARMAYATHANA MULIKA PIRIVENA;MEEVITIGAMMANA, URAPOLA.;GAMPAHA;2;WESTERN;GAMPAHA;ATTANAGALLA;MULIKA
402049;2106;GAM/ SIRI MAHA VIHARA MULIKA PIRIVENA;RAJAWANA PURANA SRI MAHA VIHARAYA, RANDAWANA.;GAMPAHA;2;WESTERN;GAMPAHA;DOMPE;MULIKA
402013;2107;GAM/ SIRI WAJIRAGHANODAYA MULIKA PIRIVENA;MAHAWITA,YAKKALA.;GAMPAHA;2;WESTERN;GAMPAHA;GAMPAHA;MULIKA
402025;2108;GAM/ SRI WEERASINGHA MULIKA PIRIVENA;PARAKANDENIYA, IMBULGODA.;GAMPAHA;2;WESTERN;GAMPAHA;GAMPAHA;MULIKA
402029;2109;GAM/ SRI AMARAWANSHA MULIKA PIRIVENA;KIRINDIVITA ROAD, GANEMULLA, GAMPAHA.;GAMPAHA;2;WESTERN;GAMPAHA;GAMPAHA;MULIKA
402011;2110;GAM/ WARANA MANGALAGIRI MULIKA PIRIVENA;WARANA RAJAMAHA VIHARAYA,KALAGEDIHENA.;GAMPAHA;2;WESTERN;GAMPAHA;KALAGEDIHENA;MULIKA
402019;2111;GAM/ VIDYAKARA MULIKA PIRIVENA;BANDARABATAWALA, BEMMULLA.;GAMPAHA;2;WESTERN;GAMPAHA;KALAGEDIHENA;MULIKA
402024;2112;GAM/ GOTHAMA MULIKA PIRIVENA;SAMANABEDDA, THITHTHAPATHTHARA.;GAMPAHA;2;WESTERN;GAMPAHA;KIRINDIWELA;MULIKA
402054;2113;GAM/ SRI SUDARSHANA DHARMAYATHANA MULIKA PIRIVENA;THIMBIRIGAMA, KIRINDIWELA.;GAMPAHA;2;WESTERN;GAMPAHA;KIRINDIWELA;MULIKA
402040;2114;GAM/ SRI DHEERANANDA MULIKA PIRIVENA;MAWARAMANDIYA, HEIYANTHUDUWA.;GAMPAHA;2;WESTERN;KELANIYA;BIYAGAMA;MULIKA
402050;2115;GAM/ SUSHILODAYA MULIKA PIRIVENA;ABHINAWARAMAYA, KANDUBODA, DELGODA.;GAMPAHA;2;WESTERN;KELANIYA;BIYAGAMA;MULIKA
402020;2116;GAM/ SRI VIDYASHEKARA MULIKA PIRIVENA;RANJANI VIMALARAMAYA,PATTIYA HANDIYA,KELANIYA.;GAMPAHA;2;WESTERN;KELANIYA;KELANIYA;MULIKA
402067;2117;GAM/CHITHTHABYASA DVIBHASHA MULIKA PIRIVENA;SUDARSHANA MAWATHA, HIMBUTUWELGODA, KELANIYA;GAMPAHA;2;WESTERN;KELANIYA;KELANIYA;MULIKA
402055;2118;KELA/ NATIONAL CLERGY EDUCATION INSTITUTE MULIKA PIRIVENA;RANMUTHUGALA MAHA VIHARAYA, RANMUTHUGALA, KADAWATHA.;GAMPAHA;2;WESTERN;KELANIYA;MAHARA;MULIKA
402043;2119;GAM/ SRI VIDYALOKA MULIKA PIRIVENA;MULAGANDAKUTI VIHARAYA, WELISARA, RAGAMA.;GAMPAHA;2;WESTERN;KELANIYA;WATTALA;MULIKA
402046;2120;MINU/ WIJAYA SRI MUNINDOBHASHA MULIKA PIRIVENA;HAGAWATTA,BANDURAGODA.;GAMPAHA;2;WESTERN;MINUWANGODA;DIULAPITIYA;MULIKA
402065;2121;MINU/ SHANTHI NIKETHA VIDYAPIITA MULIKA PIRIVENA;SRI BODIRAJARAMAYA,GALEWATTA,AKARAGAMA.;GAMPAHA;2;WESTERN;MINUWANGODA;DIULAPITIYA;MULIKA
402061;2122;MINU/ SRI DAMMALOKA DARMADUTHA MULIKA PIRIVENA;GODIGAMUWA,BADALGAMA.;GAMPAHA;2;WESTERN;MINUWANGODA;DIVULAPITIYA;MULIKA
402057;2123;MINU/ SIRI SUBODANANDA MULIKA PIRIVENA;ULLALAPOLA,DIWLAPITIYA.;GAMPAHA;2;WESTERN;MINUWANGODA;MARANDAGAHAMULA;MULIKA
402063;2124;MINU/ AMARADARSHI MULIKA PIRIVENA;PALLIYAPITIYA,DOONAGAHA.;GAMPAHA;2;WESTERN;MINUWANGODA;MARANDAGAHAMULA;MULIKA
402023;2125;MINU/ SHASANAWARDANA MULIKA PIRIVENA;SRI SUMANASARA HIMI RD,MEERIGAMA.;GAMPAHA;2;WESTERN;MINUWANGODA;MEERIGAMA;MULIKA
402017;2126;MINU/ VIDYADARSHI MULIKA PIRIVENA;HIRIKULUWA, MUDDARAGAMA.;GAMPAHA;2;WESTERN;MINUWANGODA;MEERIGAMA;MULIKA
402016;2127;MINU/ SRI VIDYASAGARA MULIKA PIRIVENA;GANEGODA, BOKALAGAMA.;GAMPAHA;2;WESTERN;MINUWANGODA;MEERIGAMA;MULIKA
402012;2128;MINU/ VIKRAMASHEELA VIDARSHANA MULIKA PIRIVENA;WALBOLANA,PALLEWELA.;GAMPAHA;2;WESTERN;MINUWANGODA;MEERIGAMA;MULIKA
402045;2129;MINU/ PRAWACHANAKARA MULIKA PIRIVENA;KAHANDAWA,MEERIGAMA.;GAMPAHA;2;WESTERN;MINUWANGODA;MEERIGAMA;MULIKA
402047;2130;MINU/ SIRI SADDATHISSA MULIKA PIRIVENA;YAAGODAMULLA,KOTUGODA.;GAMPAHA;2;WESTERN;MINUWANGODA;MINUWANGODA;MULIKA
402035;2131;MINU/ WIJAYAMANGALA MULIKA PIRIVENA;YATIYANA, MINUWANGODA.;GAMPAHA;2;WESTERN;MINUWANGODA;MINUWANGODA;MULIKA
402032;2132;MINU/ SRI DHARMARATHNODAYA MULIKA PIRIVENA;ASWANA, MATHAMMANA, MINUWANGODA.;GAMPAHA;2;WESTERN;MINUWANGODA;MINUWANGODA;MULIKA
402064;2133;MINU/ SRI VIJAYAWANSHA DWIBHASHA MULIKA PIRIVENA;WATHUMULLA, UDUGAMPOLA;GAMPAHA;2;WESTERN;MINUWANGODA;MINUWANGODA;MULIKA
402039;2134;MEG/ SRI NIGRODA MULIKA PIRIVENA;NIWANDA, JAELA.;GAMPAHA;2;WESTERN;NEGOMBO;JA-ELA;MULIKA
402036;2135;MINU/ SRI LAKSHMI DHARMADUTHA MULIKA PIRIVENA;HEENATIYANA, MINUWANGODA.;GAMPAHA;2;WESTERN;NEGOMBO;KATANA;MULIKA
402066;2136;MINU/ SRI WIJAYA MULIKA PIRIVENA;KOPPARA JUNCTION,MEERIGAMA,MEEGAMUWA.;GAMPAHA;2;WESTERN;NEGOMBO;NEGOMBO;MULIKA
402037;2137;MINU/ SRI MEDHANKARA MULIKA PIRIVENA;ANGURUKARAMULLA, NEGOMBO.;GAMPAHA;2;WESTERN;NEGOMBO;NEGOMBO;MULIKA
402038;2138;MINU/ SRI SARANATHISSA MULIKA PIRIVENA;SRI WELUWANARAMAYA,ANDIAMBALAMA.;GAMPAHA;2;WESTERN;NEGOMBO;NEGOMBO;MULIKA
402902;2139;VEN/ SRI DHARMANANDA MULIKA PIRIVENA;RADDOLUWA,KOTUGODA.;GAMPAHA;2;WESTERN;NEGOMBO;SEEDUWA;MULIKA
402068;2140;WP/GAM/SIRI SUMANGALA MULIKA PIRIVENA;SIRI SAMBUDDHALOKA VIHARAYA, KATULANDA,;GAMPAHA;2;WESTERN;NEGOMBO;NEGOMBO;
402015;2201;GAM/ VIDYANANDA MAHA PIRIVENA;NEGOMBO RD, NITTABUWA.;GAMPAHA;2;WESTERN;GAMPAHA;ATTANAGALLA;MAHA
402008;2202;GAM/ TRIPITAKODAYA MAHA PIRIVENA;NAPAGODA, NITTAMBUWA.;GAMPAHA;2;WESTERN;GAMPAHA;ATTANAGALLA;MAHA
402026;2203;GAM/ SIRISANGABO MAHA PIRIVENA;SRI NIWEKARAMA PURANA WIHARAYA, YATAWAKA, URAPOLA.;GAMPAHA;2;WESTERN;GAMPAHA;ATTANAGALLA;MAHA
402010;2204;GAM/ INTERNATIONAL BIKSHU TRAINING INSTITUTE;NO 242, SAMA MAHA VIHARAYA, COLOMBO RD, GAMPAHA.;GAMPAHA;2;WESTERN;GAMPAHA;GAMPAHA;MAHA
402004;2205;GAM/ VIDYASHEKARA MAHA PIRIVENA;BENDIYAMULLA, GAMPAHA.;GAMPAHA;2;WESTERN;GAMPAHA;GAMPAHA;MAHA
402005;2206;GAM/ SRI VIDYAWANSHA MAHA PIRIVENA;BANDARAWATHTHA, GAMPAHA.;GAMPAHA;2;WESTERN;GAMPAHA;GAMPAHA;MAHA
402007;2207;GAM/ VIDYARAVINDA MAHA PIRIVENA;PAHALAGAMA,GAMPAHA.;GAMPAHA;2;WESTERN;GAMPAHA;GAMPAHA;MAHA
402060;2208;GAM/ SRI PATHIRAJA MAHA PIRIVENA;RAJA MAHA VIHARAYA , ATTANAGALLA.;GAMPAHA;2;WESTERN;GAMPAHA;KALAGEDIHENA;MAHA
402041;2209;GAM/ SRI SARANANDA MAHA PIRIVENA;GANEGODA, DOMPE.;GAMPAHA;2;WESTERN;GAMPAHA;KIRINDIWELA;MAHA
402022;2210;GAM/ PADMAWATHI MAHA PIRIVENA;KERAGALA, HENEGAMA.;GAMPAHA;2;WESTERN;GAMPAHA;KIRINDIWERLA;MAHA
402003;2211;GAM/KE/ SRI NAGARJUNA MAHA PIRIVENA;SURIGAMA, KADAWATHA.;GAMPAHA;2;WESTERN;KELANIYA;MAHARA;MAHA
402052;2212;GAM/ SRI SUMANAKEERTHI MAHA PIRIVENA;SRI BODHIRUKKARAMAYA, NARANWALA, GMAPAHA.;GAMPAHA;2;WESTERN;KELANIYA;KIRILLAWALA;MAHA
402033;2213;MINU/ SARASWATHI MAHA PIRIVENA;BALAGALLA,DIWLAPITIYA.;GAMPAHA;2;WESTERN;MINUWANGODA;DIVULAPITIYA;MAHA
402028;2214;MINU/ SRI NALANDA MAHA PIRIVENA;BOTHALE,ABEYPUSSA.;GAMPAHA;2;WESTERN;MINUWANGODA;MEERIGAMA;MAHA
402009;2215;MINU/ SENANAYAKA MAHA PIREVENA;PIRISYALA,AMBEPUSSA.;GAMPAHA;2;WESTERN;MINUWANGODA;MEERIGAMA;MAHA
402006;2216;MINU/ VIDYAWASA MAHA PIRIVENA;MINIOLUWA,MEERIGAMA.;GAMPAHA;2;WESTERN;MINUWANGODA;MEERIGAMA;MAHA
402034;2217;MINU/ SRI SADANANDA MAHA PIRIVENA;DORANEGODA,UDUGAMPOLA.;GAMPAHA;2;WESTERN;MINUWANGODA;MINUWANGODA;MAHA
402048;2218;MINU/ SIRI NIKETHA MAHA PIRIVENA;GALKANDA,HORAMPELLA.;GAMPAHA;2;WESTERN;MINUWANGODA;MINUWANGODA;MAHA
402053;2219;MINU/ SRI SUDHARMARAMA MAHA PIRIVENA;BALABOWA,DEWALAPOLA.;GAMPAHA;2;WESTERN;MINUWANGODA;MINUWANGODA;MAHA
402031;2220;MINU/ SRI VIDYANIWASA MAHA PIRIVENA;WALPOLA,RAGAMA.;GAMPAHA;2;WESTERN;MINUWANGODA;MINUWANGODA;MAHA
402065;2221;MINU/ SHANTHI NIKETHA VIDYAPIITA MAHA PIRIVENA;SRI BODIRAJARAMAYA, GALEWATTA;GAMPAHA;2;WESTERN;MINUWANGODA;MINUWANGODA;MAHA
402064;2224;MINU/ SRI VIJAYAWANSHA DWIBHASHA MAHA PIRIVENA;WATHUMULLA, UDUGAMPOLA;GAMPAHA;2;WESTERN;NEGOMBO;NEGOMBO;
402056;2222;VEN/ SRI DHARMANANDA MAHA PIRIVENA;RADDOLUWA,;GAMPAHA;2;WESTERN;NEGOMBO;JA-ELA;
402502;2401;GAM/ SRI SAMBUDDHATHWA JAYANTHI SEELAMATHA EDUCATION INSTITUTE;RAJAPAKSHARAMAYA, BORAGODAWATTA, MINUWANGODA.;GAMPAHA;2;WESTERN;MINUWANGODA;MINUWANGODA;SEELAMATHA
402503;2402;MINU/SRI SUGATHA DHARMAYATHANA SEELAMATHA EDUCATION INSTITUTE;SOMARAMAYA, HIRIWALA, KALELIYA.;GAMPAHA;3;WESTERN;MINUWANGODA;MEERIGAMA;SEELAMATHA
402501;2403;GAM/ BUDDHASHRAVIKA SEELAMATHA EDUCATION INSTITUTE;MANELWATHTHA VIHARAYA, BOLLEGALA, KELANIYA.;GAMPAHA;2;WESTERN;KELANIYA;KELANIYA;SEELAMATHA
401008;2501;VIDYALANKARA PIRIVENA;KELANIYA, PELIYAGODA.;GAMPAHA;2;WESTERN;KELANIYA;KELANIYA;SPECIAL
403036;3101;K/ SIRI GHANANANDA MULIKA PIRIVENA;PURANA RAJAMAHA VIHARAYA, WEEDAGAMA,BANDARAGAMA.;KALUTARA;3;WESTERN;HORANA;BANDARAGAMA;MULIKA
403050;3102;K/ SIRI PREMARATHANA MULIKA PIRIVENA;BANDARAGAMA;KALUTARA;3;WESTERN;HORANA;BANDARAGAMA;MULIKA
403049;3103;K/ SRI DAMMALOKA MULIKA PIRIVENA;RETIYALA, GOVINNA.;KALUTARA;3;WESTERN;HORANA;BULATHSINHALA;MULIKA
403025;3104;K/ VIDYASHEKARA MULIKA PIRIVENA;BELLAPITIYA,HORANA.;KALUTARA;3;WESTERN;HORANA;GOVINNA;MULIKA
403034;3105;K/ PAHIYAN INTERNATIONAL BIKSHU TRAINING MULIKA PIRIVENA;YATAGAMPITIYA,BULATHSINHALA.;KALUTARA;3;WESTERN;HORANA;GOVINNA;MULIKA
403033;3106;K/ VIDYAWARDENA MULIKA PIRIVENA;DEEPALOKA MAHA VIHARAYA, INGIRIYA.;KALUTARA;3;WESTERN;HORANA;HORANA;MULIKA
403041;3107;K/ SRI PUNNARATHANA MULIKA PIRIVENA;KIDELPITIYA,MILLEWA,HORANA.;KALUTARA;3;WESTERN;HORANA;HORANA;MULIKA
403044;3108;K/ SRI SARANATISSA MULIKA PIRIVENA;SRI PUURWARAMAYA,MORAGAHAHENA, MILLEWA.;KALUTARA;3;WESTERN;HORANA;HORANA;MULIKA
403047;3109;K/ WIJAYAGIRI MULIKA PIRIVENA;KORALAIMA, GONAPOLA JUNCTION.;KALUTARA;3;WESTERN;HORANA;HORANA;MULIKA
403048;3110;K/ SRI DHAMMARATHANA MULIKA PIRIVENA;SRI NANDARAMAYA, KADANHENA, HORANA.;KALUTARA;3;WESTERN;HORANA;HORANA;MULIKA
403042;3111;K/ SRI DHARMAYATHANA CLERGY TRAINNING MULIKA PIRIVENA;LIYANWALA,YATIYANA,AGALAWATTA.;KALUTARA;3;WESTERN;MATUGAMA;AGALAWTTA;MULIKA
403014;3112;K/ SRI DHARMAGUPTHTHA MULIKA PIRIVENA;K/SRI DHARMA GPTHTHA MULIKA PIRIVENA,PAYAGALA SOUTH.;KALUTARA;3;WESTERN;KALUTARA;BERUWALA;MULIKA
403018;3113;K/ GRANTHAKARA MULIKA PIRIVENA;THEBUWANA.;KALUTARA;3;WESTERN;KALUTARA;DODAMGODA;MULIKA
403027;3114;K/ SRI DASSANASARA DHARMAYATHANA MULIKA PIRIVENA;BOMBUWALA,KALUTHARA SOUTH;KALUTARA;3;WESTERN;KALUTARA;DODAMGODA;MULIKA
403015;3115;K/ SRI PURVARAMA DARMAVIJAYA MULIKA PIRIVENA;PIRIVENA ROAD,KALUTHARA SOUTH.;KALUTARA;3;WESTERN;KALUTARA;KALUTARA;MULIKA
403021;3116;K/ SRI DHARMARAMA MULIKA PIRIVENA;DEDIYAWELA,WASKADUWA.;KALUTARA;3;WESTERN;KALUTARA;KALUTARA;MULIKA
403046;3117;K/ VIDYASOMA MULIKA PIRIVENA;SRI MAHA BODHI VIHARAYA, MORONTHUDUWA.;KALUTARA;3;WESTERN;KALUTARA;KALUTARA;MULIKA
403045;3118;K/ PAGNANANDA MULIKA PIRIVENA;SRI SAMBODHARAMAYA JUNCTION ,KALAVILA, BERUWALA.;KALUTARA;3;WESTERN;KALUTARA;MORAGALLA;MULIKA
403013;3119;K/ VIDYARAJA MULIKA PIRIVENA;GORAKAPOLA,PANADURA.;KALUTARA;3;WESTERN;KALUTARA;PANADURA;MULIKA
403017;3120;K/ SRI SAUGATHA VIDYALA MULIKA PIRIVENA;RANKOTH VIHARAYA,PANADURA.;KALUTARA;3;WESTERN;KALUTARA;PANADURA;MULIKA
403022;3121;k/ SRI SADDHARMODAYA MULIKA PIRIVENA;WALPOLA,PANADURA.;KALUTARA;3;WESTERN;KALUTARA;PANADURA;MULIKA
403031;3122;K/ SRI VIMALAKIRTHI MULIKA PIRIVENA;WIMALAKEERTHI RD,KESELWATTA,PANADURA.;KALUTARA;3;WESTERN;KALUTARA;PANADURA;MULIKA
403040;3123;K/ SRI GANGATHILAKA MULIKA PIRIVENA;KESELWATTA,PANADURA.;KALUTARA;3;WESTERN;KALUTARA;PANADURA;MULIKA
403035;3124;K/ SIRI MAHAMHIDU MULIKA PIRIVENA;SAMUDRARAMAYA, DAMPIYAGAMA,WADDUWA;KALUTARA;3;WESTERN;KALUTARA;PANADURA;MULIKA
403052;3125;K/SRI DEVANANDA MULIKA PIRIVENA;PINWATHTHA, PANADURA;KALUTARA;3;WESTERN;KALUTARA;PANADURA;MULIKA
407044;3126;SRI SUMANA MULIKA PIRIVENA;DELDUWA, WADDUWA.;KALUTARA;3;WESTERN;KALUTARA;PANADURA;MULIKA
403019;3127;K/ SRI ABHEYARAJA MULIKA PIRIVENA;NARAVILA,MATHUGAMA.;KALUTARA;3;WESTERN;MATUGAMA;MATUGAMA;MULIKA
403020;3128;K/ SIRI INDAASABA MULIKA PIRIVENA;BOPITIYA,MATHUGAMA.;KALUTARA;3;WESTERN;MATUGAMA;MATUGAMA;MULIKA
403037;3129;K/ SRI UPARATHANA MULIKA PIRIVENA;SRI JINANANDARAMAYA,LEUWANDUUWA,WELIPENNA.;KALUTARA;3;WESTERN;MATUGAMA;MATUGAMA;MULIKA
403039;3130;K/ SRI SUNANDARAMA MULIKA PIRIVENA;OVITIGALA,MATHUGAMA.;KALUTARA;3;WESTERN;MATUGAMA;MATUGAMA;MULIKA
403051;3131;K/ SRI SARANANKARA MULIKA PIRIVENA;SRI VIWEKARAMA,PURANA VIHARAYA, MEEGAHATHENNA;KALUTARA;3;WESTERN;MATUGAMA;WALALLAWITA;MULIKA
403023;3201;K/ SRI GNALOKA MAHA PIRIVENA;ATHURA, BULATHSINHALA.;KALUTARA;3;WESTERN;HORANA;BULATHSINHALA;MAHA
403024;3202;K/ GALLENA RAJAMAHA VIHARA MAHA PIRIVENA;WARAKAGODA,NEBODA.;KALUTARA;3;WESTERN;HORANA;BULATHSINHALA;MAHA
403009;3203;K/ KSHESHTHRRAMA MAHA PIRIVENA;KANDEVIHARAYA,ALUTHGAMA.;KALUTARA;3;WESTERN;KALUTARA;BERUWALA;MAHA
403029;3204;K/ SIRI NANDANA THIPITAKA DHARMAYATHANA MAHA PIRIVENA;SRI PUSHPARAMAYA, MALEGODA, PAYAGALA.;KALUTARA;3;WESTERN;KALUTARA;BERUWALA;MAHA
403028;3205;K/ SIRI SARANANKARA MAHA PIRIVENA;ASHOKARAMA MAHA VIHARAYA,KALUTARA NORTH.;KALUTARA;3;WESTERN;KALUTARA;KALUTARA;MAHA
403038;3206;K/ SEELASUMANA VIDYATHILAKA MAHA PIRIVENA;KALUWAMODARA, ALUTHGAMA.;KALUTARA;3;WESTERN;KALUTARA;MORAGALLA;MAHA
403010;3207;K/ PRAVACHANODAYA MAHA PIRIVENA;MOLLIGODA,WADDUWA.;KALUTARA;3;WESTERN;KALUTARA;PANADURA;MAHA
403032;3208;K/ SRI VIJAYA SAUGATHA VIDYALAYA MAHA PIRIVENA;WALANA,PANADURA.;KALUTARA;3;WESTERN;KALUTARA;PANADURA;MAHA
403008;3209;K/ SRI DHARMAPALA MAHA PIRIVENA;SRI DHARMAPALA MAHA PIRIVENA, BELLANA.;KALUTARA;3;WESTERN;MATUGAMA;AGALAWATTA;MAHA
403011;3210;k/ PRATHIRAJA MAHA PIRIVENA;KEKULANDALA,AGALAWATTA.;KALUTARA;3;WESTERN;MATUGAMA;AGALAWTTA;MAHA
403501;3401;K/ SRI SANGHAMITHTHA MEHENI MULIKA PIRIVENA;KORALAIMA, GONAPOLA HANDIYA.;KALUTARA;3;WESTERN;KALUTHARA;HORANA;SEELAMATHA
0;3402;K/ DEKANDUWALA DHAMMASHANTHI MEHENI EDUCATION INSTITUTE;KAHATAPITIYA, KANANWILA, HORANA.;KALUTARA;3;WESTERN;HORANA;HORANA;SEELAMATHA
404029;4101;MAHA/YATI/ SRI SIDDHARTHA MULIKA PIRIVENA;RATHTHEPITIYA,MENIKDEVELA.;KANDY;4;CENTRAL;DENUWARA;SIYAMBALAGODA;MULIKA
404023;4102;MAHA/ SIRI NIWASA MULIKA PIRIVENA;GAMPOLA RD,KADUGANNAWA.;KANDY;4;CENTRAL;DENUWARA;SIYAMBALAGODA;MULIKA
404026;4103;MAHA/ SRI JAYASUMANA MULIKA PIRIVENA;PAMUNUWALA,PILIMATHALAWA.;KANDY;4;CENTRAL;DENUWARA;UDUNUWARA;MULIKA
404038;4104;MAHA/ SRI SADDHATHISSA VIDYAPRADEEPA MULIKA PIRIVENA;KUDAPEELIGAMA,GELIOYA.;KANDY;4;CENTRAL;DENUWARA;UDUNUWARA;MULIKA
404058;4105;MAHA/ SRI SANGARAJA MULIKA PIRIVENA;KABURADENIYA,HANDESSA.;KANDY;4;CENTRAL;DENUWARA;UDUNUWARA;MULIKA
404031;4106;MAHA/DENU/ SRI DARMODAYA MULIKA PRIVENA;HEERESSAGALA,PILIMATHALAWA.;KANDY;4;CENTRAL;DENUWARA;YATINUWARA;MULIKA
404054;4107;MAHA/ SRI PRAWACHANODAYA MULIKA PIRIVENA;SIYAMBALAGODA, DANTHURE.;KANDY;4;CENTRAL;DENUWARA;YATINUWARA;MULIKA
407901;4108;SIRI SARANANKARA MULIKA PIRIVENA;SRI NARENDRARAMA RAJA MAHA WIHARAYA,SOORIYAGODA,MURUTHALAWA;KANDY;4;CENTRAL;DENUWARA;YATINUWARA;MULIKA
404083;4109;MAHA/ SRI SUMANA MULIKA PIRIVENA;ERIYAGAMA,PERADENIYA.;KANDY;4;CENTRAL;DENUWARA;YATINUWARA;MULIKA
404028;4110;MAHA/ ANANDA MULIKA PIRIVENA;IHALAGAMA,MAHAUDAGAMA.;KANDY;4;CENTRAL;GAMPOLA;GAMPOLA;MULIKA
404027;4111;MAHA/ RUWANPA MULIKA PIRIVENA;KURUDUWATTA, KADAWEEDIYA.;KANDY;4;CENTRAL;GAMPOLA;GANGA IHALA;MULIKA
404051;4112;MAHA/ BAUDDHALOKA MULIKA PIRIVENA;THEBILIGALA,ULAPANE.;KANDY;4;CENTRAL;GAMPOLA;GANGA IHALA;MULIKA
404079;4113;MAHA/GAM/ SRI SUMANA MULIKA PIRIVENA;GANGATHILAKA RAJAMAHA VIHARAYA,MEGODA,KALUGAMUWA,PERADENIYA.;KANDY;4;CENTRAL;GAMPOLA;KANDY;MULIKA
404057;4114;MAHA/ SRI PADA MULIKA PIRIVENA;GAMPOLA RD,NAWALAPITIYA.;KANDY;4;CENTRAL;GAMPOLA;PASBAGEKORALE;MULIKA
404037;4115;MAHA/ SHASTRALOKA MULIKA PIRIVENA;BOTHALAPITIYA,GAMPOLA.;KANDY;4;CENTRAL;GAMPOLA;UDAPALATHA;MULIKA
404076;4116;MAHA/ SIRI SUMANAJOTHI MULIKA PIRIVENA;RANTHETIYA,GAMPOLA.;KANDY;4;CENTRAL;GAMPOLA;UDAPALATHA;MULIKA
404084;4117;MAHA/GAM SIRI MANTHINDARAMA MULIKA PIRIVENA;SRI SUDHARMARAMAYA,NUWARA ELIYA RD,PUSSELLAWA.;KANDY;4;CENTRAL;GAMPOLA;UDAPALATHA;MULIKA
404082;4118;MAHA/ SRI BHARATHI KUSUMACHETHIYARAMA MULIKA PIRIVENA;GODAGANDENIYA,PENIDENIYA.;KANDY;4;CENTRAL;KANDY;GANGAWATA KORALE;MULIKA
404059;4119;MAHA/ SRI SUDARMARAMA MULIKA PIRIVENA;DHAMMADASSI MAWATHA,21. KANDY.;KANDY;4;CENTRAL;KANDY;KANDY;MULIKA
404066;4120;MAHA/ SIRI DHAMMARATHANA MULIKA PIRIVENA;NO 61/1 HANTHANA PEDESA,KANDY.;KANDY;4;CENTRAL;KANDY;KANDY;MULIKA
404030;4121;MAHA/ SRI DARMARAJA MULIKA PIRIVENA;51/2 PAHALA MAHAYAYA,KANDY;KANDY;4;CENTRAL;KANDY;KANDY;MULIKA
404025;4122;MAHA/ SRI SHASTRANANDA MULIKA PIRIVENA;SIRI SUGATHARAMAYA,GALLINDA,MAILAPITIYA.;KANDY;4;CENTRAL;KANDY;PATAHEWAHETA;MULIKA
404043;4123;MAHA/ SRI GUNARATHANA MULIKA PIRIVENA;BUTAWATTA,THALATHU OYA.;KANDY;4;CENTRAL;KANDY;THALATHUOYA;MULIKA
404067;4124;MAHA/ SRI SADDARMODAYA MULIKA PIRIVENA;UDADELTHOTA,GALAHA.;KANDY;4;CENTRAL;KANDY;THALATHUOYA;MULIKA
404071;4125;MAHA/KATU/ DARMODAYA MULIKA PIRIVENA;PURANA VIHARAYA,DELGASGODA,ALAWATHUGODA;KANDY;4;CENTRAL;KATUGASTOTA;AKURANA;MULIKA
404037;4126;MAHA/KADU/ SRI SHASHTHRALOKA MULIKA PIRIVENA;WETHTHEWA,GALAGEDARA.;KANDY;4;CENTRAL;KATUGASTOTA;GALAGEDARA;MULIKA
404040;4127;MAHA/ SRI GNANODAYA MULIKA PIRIVENA;KANNADENIYA,KAHAPATHWALA.;KANDY;4;CENTRAL;KATUGASTOTA;GALAGEDARA;MULIKA
404039;4128;MAHA/ SRI DARMALOKA MULIKA PIRIVENA;MALAGAMMANA RAJAMAHA VIHARAYA,MALAGAMMANA,NUGAWELA.;KANDY;4;CENTRAL;KATUGASTOTA;KATUGASTOTA;MULIKA
404064;4129;MAHA/ SRI NIWASA MULIKA PIRIVENA;THREE SINHALA SIMARAMAYA,MADAWALA RD,KATUGASTHOTA.;KANDY;4;CENTRAL;KATUGASTOTA;KATUGASTOTA;MULIKA
404046;4130;MAHA/KATU/ SRI SIDDARTHA MULIKA PIRIVENA;RAJAMAHA VIHARAYA,ANKUBURA.;KANDY;4;CENTRAL;KATUGASTOTA;PUJAPITIYA;MULIKA
404036;4131;MAHA/KATU DAMMARATHNA MULIKA PIRIVENA;NANDARAMA RD,BATAGALLA,PUJAPITIYA.;KANDY;4;CENTRAL;KATUGASTOTA;PUJAPITIYA;MULIKA
404077;4132;MAHA/KATU/ VIDUMINA MUILIKA PIRIVENA;WELIGALLA,MARATHUGODA.;KANDY;4;CENTRAL;KATUGASTOTA;PUJAPITIYA;MULIKA
404078;4133;MAHA/ SRI SANGANANDA MULIKA PIRIVENA;SRI PABBATHARAMA NAHA VIHARAYA,PATHIRADA,HARANKAHAWA.;KANDY;4;CENTRAL;KATUGASTOTA;PUJAPITIYA;MULIKA
404073;4134;SADAGIRI THPOWANA MULIKA PIRIVENA;SADASIRI DUNUWILA,MEDA MAHANUWARA.;KANDY;4;CENTRAL;TELDENIYA;MEDADUMBARA;MULIKA
404022;4135;MAHA/ SIRISANGABO MULIKA PIRIVENA;8 KANUWA, ABAGAHAPELESSA.;KANDY;4;CENTRAL;TELDENIYA;MINIPE;MULIKA
404074;4136;MAHA/THEL/ SRI GUNANANDA MULIKA PIRIVENA;DAMBAGAHAWELA,BARAWARDANA OYA.;KANDY;4;CENTRAL;TELDENIYA;MINIPE;MULIKA
404052;4137;MAHA/ SRI GNANOBASHA MULIKA PIRIVENA;SRI SUDARSHANARAMA MAHA VIHARAYA,14,ELA AMBAGOLLA,ULPATHAGAMA,HASALAKA.;KANDY;4;CENTRAL;TELDENIYA;MINIPE;MULIKA
404021;4138;MAHA/ SIRI DAMMARAMA MULIKA PIRIVENA;AMUPITIYA,UDISPATTUWA.;KANDY;4;CENTRAL;TELDENIYA;TELDENIYA;MULIKA
404020;4139;MAHA/ SRI SUDARMODAYA MULIKA PIRIVENA;KURUKOHOGAMA,UDISPATTUWA.;KANDY;4;CENTRAL;TELDENIYA;TELDENIYA;MULIKA
404065;4140;MAHA/ SRI SOBHITHA MULIKA PIRIVENA;RAJAMAHA VIHARAYA, RAMBUKKAERLLA, TELDENIYA,;KANDY;4;CENTRAL;TELDENIYA;TELDENIYA;MULIKA
404062;4141;MAHA/ SRI BODIRAJA MULIKA PIRIVENA;KALUNTHENNA,BOPANA.;KANDY;4;CENTRAL;TELDENIYA;UDUDUMBARA;MULIKA
404055;4142;MAHA/ SRI SUDARMODAYA MULIKA PIRIVENA;MALPANA,KENGALLA.;KANDY;4;CENTRAL;WATHTHEGAMA;KUNDASALE;MULIKA
404048;4143;MAHA/ SIRISUMANA MULIKA PIRIVENA;ALUTHWATHTHA,RAJAWELLA.;KANDY;4;CENTRAL;WATHTHEGAMA;KUNDASALE;MULIKA
404063;4144;MAHA/ SRI VIDYALOKA MULIKA PIRIVENA;HURIKADUWA,MENIKHINNA.;KANDY;4;CENTRAL;WATHTHEGAMA;MENIKHINNA;MULIKA
404035;4145;MAHA/ SRI VIDYADARSHANA MULIKA PIRIVENA;PANVILA RD,WATHTHEGAMA.;KANDY;4;CENTRAL;WATHTHEGAMA;PATHADUMBARA;MULIKA
404042;4146;MAHA/ DARMADEVEEPA MULIKA PIRIVENA;MATALE RD,WATHTHEGAMA.;KANDY;4;CENTRAL;WATHTHEGAMA;WATHTHEGAMA;MULIKA
404061;4201;MAHA/ THRIPITAKA DARMAYAYATHANA MAHA PIRIVENA;LABUWELPOLA,WATTAPPOLA.;KANDY;4;CENTRAL;DENUWARA;DAULAGALA;MAHA
404009;4202;MAHA/DENU/ NIGRODAKHETHTHA MAHA PIRIVENA;THELABUGALA,GELI OYA.;KANDY;4;CENTRAL;DENUWARA;UDU NUWARA;MAHA
404010;4203;MAHA/DENU/ SRI SHASHANODAYA MAHA PIRIVENA;ALAPALAWALA,HANDESSA.;KANDY;4;CENTRAL;DENUWARA;UDU NUWARA;MAHA
404011;4204;MAHA/DENU/ SIRI SUSEELA MAHA PIRIVENA;MALIGATHENNA,KETAKUBURA,KADUGANNA.;KANDY;4;CENTRAL;DENUWARA;YATINUWARA;MAHA
404008;4205;MAHA/DENU SHASTHRALANKARA MAHA PIRIVENA;HERAMITIGALA,PILIMATHALAWA.;KANDY;4;CENTRAL;DENUWARA;YATINUWARA;MAHA
404050;4206;MAHA/ SRI DHARMALOKA ABAYARAJA MAHA PIRIVENA;URAPOLA,PILIMATHALAWA.;KANDY;4;CENTRAL;DENUWARA;YATINUWARA;MAHA
404007;4207;MAHA/ SIRI BUWANEKABA MAHA PIRIVENA;BUWANEKABA RD,SINHAYAPITIYA,GAMPOLA.;KANDY;4;CENTRAL;GAMPOLA;GAMPOLA;MAHA
404016;4208;MAHA/ SIRI DAMMARATHANA MAHA PIRIVENA;BWWAGAMA,NAWALAPITIYA.;KANDY;4;CENTRAL;GAMPOLA;NAWALAPITIYA;MAHA
404044;4209;MAHA/ KANDURATA INTERNATIONAL DARMADUTHA MAHA PIRIVENA;SALIYALA PURANA VIHARAYA,KANDY,GAMPOLA.;KANDY;4;CENTRAL;GAMPOLA;UDAPALATHA;MAHA
404047;4210;MAHA/ SRI SIDDHARTHA MAHA PIRIVENA;UDA IGURUWATTA,DOLUWA,GAMPOLA.;KANDY;4;CENTRAL;GAMPOLA;UDAPALATHA;MAHA
404053;4211;MAHA/ MAHAVIHARA MAHA PIRIVENA;ASGIRI MAHA VIHARAYA,21. KANDY.;KANDY;4;CENTRAL;KANDY;GANGAWATA KORALE;MAHA
404012;4212;MAHA/ VIDYALOKA MAHA PIRIVENA;KETAWALA,LEWLA.;KANDY;4;CENTRAL;KANDY;GANGAWATA KORALE;MAHA
404013;4213;MAHA/ SRI SANGARAJA MAHA PIRIVENA;MALWATHU MAHA VIHARAYA, SANGARAJA MAWATHA, KANDY.;KANDY;4;CENTRAL;KANDY;GANGAWATA KORALE;MAHA
404018;4214;MAHA/ WIMALADHRMA MAHA PRIVENA;78, DANGOLLA, KANDY.;KANDY;4;CENTRAL;KANDY;GANGAWATA KORALE;MAHA
404045;4215;MAHA/ SRI GNALANKARA INTERNATIONAL MAHA PIRIVENA;SRI SUBODARAMA MAHA VIHARAYA,PERERDENIYA.;KANDY;4;CENTRAL;KANDY;GANGAWATA KORALE;MAHA
404081;4216;MAHA/ SIRI WAJIRAGANA DARMAYATHANA MAHA PIRIVENA;WAJIRARAMAYA,PRIMROS UYANU,KANDY.;KANDY;4;CENTRAL;KANDY;KANDY;MAHA
404069;4217;MAHA/ SRI SADDANANDA MAHA PIRIVENA;KONAKALAGALA,ALAWATHUGODA.;KANDY;4;CENTRAL;KATUGASTOTA;AKURANA;MAHA
404068;4218;MAHA/ SRI DARMALOKA MAHA PIRIVENA;NIYANGODA,KUBUREGAMA.;KANDY;4;CENTRAL;KATUGASTOTA;GALAGEDARA;MAHA
404032;4219;MAHA/ SRI VIDYANANDA MAHA PIRIVENA;BARIGAMA,WERULLAGAMA.;KANDY;4;CENTRAL;KATUGASTOTA;HARISPATTUWA;MAHA
404060;4220;MAHA/ SRI SARANATHA DARMA VIDYAPITA MAHA PIRIVENA;HALOLUWA,21. KANDY.;KANDY;4;CENTRAL;KATUGASTOTA;HARISPATTUWA;MAHA
404014;4221;MAHA/ SRI DHARMARAMA MAHA PIRIVENA;WELIGODAPOLA,HATHARALIYEDDA.;KANDY;4;CENTRAL;KATUGASTOTA;HATHARALIYADDA;MAHA
404041;4222;MAHA/ SRI BODISIHA MAHA PRIVENA;SRI BODIRUKKARAMAYA,DEDUNUPITIYA.;KANDY;4;CENTRAL;KATUGASTOTA;HATHARALIYADDA;MAHA
404034;4223;MAHA/ SRI PRAGNASAGARA MAHA PIRIVENA;WELGALA,ANKUBURA.;KANDY;4;CENTRAL;KATUGASTOTA;PUJAPITIYA;MAHA
404017;4224;MAHA/ SRI SOMANANDA MAHA PIRIVENA;IHALAMULLA,ANKUBURA.;KANDY;4;CENTRAL;KATUGASTOTA;PUJAPITIYA;MAHA
404080;4225;MAHA/ NALANDA MAHA PIRIVENA;SRI NIGRODARAMAYA,WILAMUNA,TELDENIYA.;KANDY;4;CENTRAL;TELDENIYA;TELDENIYA;MAHA
404015;4226;MAHA/ SRI VIDYASAGARA MAHA PIRIVENA;SIRI SEELAWANSA NAHIMI RD,HURIKADUWA,MENIKHINNA.;KANDY;4;CENTRAL;WATHTHEGAMA;KUNDASALE;MAHA
404501;4401;MAHA/ MAHAMAYA SEELAMATHA EDUCATION INSTITUTE;GAMMEDA PURANA WIHARASTHA ARAMAYA, KIRINDA, HONDIYADENIYA.;KANDY;4;CENTRAL;KANDY;GAMPOLA;SILAMATHA MAHA
404502;4402;MAHA/ SRI VIDYADEEPA MEHENI PIRIVENA;GANGODA, PILIMATHALAWA.;KANDY;4;CENTRAL;DENUWARA;UDUNUWARA;SILAMATHA MULIKA
405007;5101;MA/ MAHANAMA MULIKA PIRIVENA;DABAGOLLA ROAD, GALEWELA.;MATALE;5;CENTRAL;GALEWELA;GALEWELA;MULIKA
405010;5102;MA/ SRI JINARATHANA MULIKA PIVENA;PURANA VIHARAYA, AVARIYAPATHAHA, GALEWELA.;MATALE;5;CENTRAL;GALEWELA;GALEWELA;MULIKA
0;5103;MA/ SIRI JINARATHANA MULIKA PIRIVENA;EWARIYAPATHANA, GALEWELA.;MATALE;5;CENTRAL;GALEWELA;GALEWELA;MULIKA
405015;5104;MA/ SRI GUNARATHANA MULIKA PIRIVENA;NAGAHAPOLA, AKURAMBODA.;MATALE;5;CENTRAL;GALEWELA;PALLEPOLA;MULIKA
405006;5105;MA/ VIDYARATHNA MULIKA PIRIVENA;SRI SUDHARMODAYA, KUTUWEGEDARA, MATALE.;MATALE;5;CENTRAL;MATALE;MATALE;MULIKA
405016;5106;MA/ SRI VIDYASEKARA MULIKA PIRIVENA;SIRIDHAMMISSARA PEDESA, KUBIYANGODA, MATALE.;MATALE;5;CENTRAL;MATALE;MATALE;MULIKA
405021;5107;MA/ SRI VIDYACHANDRA MULIKA PIRIVENA;NO100,KOTUWEGEDARA, MATALE.;MATALE;5;CENTRAL;MATALE;MATALE;MULIKA
405005;5108;MA/ SRI SUDHARSHANA MULIKA PIRIVENA;KAIKAVALA, MATALE.;MATALE;5;CENTRAL;MATALE;RATHTHOTA;MULIKA
405017;5109;MA/ SRI SANGHABODHI MULIKA PIRIVENA;SRI DHARMASIDDHRAMAYA, PURIJJALA, MATALE.;MATALE;5;CENTRAL;MATALE;UKUWELA;MULIKA
405023;5110;MA/ SHASTHRODAYA MULIKA PIRIVENA;GUNASEKARARAMAYA, UKUWELA, WATHTHALA, UKUWELA.;MATALE;5;CENTRAL;MATALE;UKUWELA;MULIKA
405022;5111;MA/ SRI GNANARATHANA MULIKA PIRIVENA;HANDUNGAMUWA, MATALE.;MATALE;5;CENTRAL;WILGAMUWA;DEWAGIRIYA;MULIKA
405019;5112;MA/ SRI GUNARATHANA MULIKA PIRIVENA;MARAKA, MATALE.;MATALE;5;CENTRAL;WILGAMUWA;WILGAMUWA;MULIKA
405003;5201;MA/ SIRI WALAGAMBA MAHA PIRIVENA;RANGIRI DAMBULU RAJAMAHA VIHARAYA, MEDA TEMPLE, DABULLA.;MATALE;5;CENTRAL;GALEWELA;DAMBULLA;MAHA
405011;5202;MA/ SEEGIRI KASSAPA MAHA PIRIVENA;RANGIRI DAMBULU UYANWATTA RAJA MAHA VIHARAYA, DAMBULLA;MATALE;5;CENTRAL;GALEWELA;DAMBULLA;MAHA
405013;5203;MA/ SRI WELUWANA MAHA PIRIVENA;SRI WELUWANARAMAYA, PALLEPOLA, MATALE.;MATALE;5;CENTRAL;GALEWELA;PALLEPOLA;MAHA
405009;5204;MA/ UDALANKA MAHA PIRIVENA;MADAWALA ULPATHA, MATALE.;MATALE;5;CENTRAL;MATALE;ALUVIHARE;MAHA
405001;5205;MA/ SRI DHARMARAJA MAHA PIRIVENA;VIHARA ROAD, MATALE.;MATALE;5;CENTRAL;MATALE;MATALE;MAHA
405004;5206;MA/ SRI VIDYANANDA MAHA PIRIVENA;NO33, VIHARA ROAD, MATALE.;MATALE;5;CENTRAL;MATALE;MATALE;MAHA
405002;5207;MA/ SHANTHINIKETHANA MAHA PIRIVENA;KAPUKOTUWA, MALAWELA, MATALE.;MATALE;5;CENTRAL;MATALE;YATAWATTA;MAHA
405008;5208;MA/ SRI DHAMMANANDA MAHA PIRIVENA;NATHISSA RAJAMAHA VIHARAYA, NAULA.;MATALE;5;CENTRAL;NAULA;NAULA;MAHA
405014;5209;MA/ SRI VIDYARTHA MAHA PIRIVENA;KONGAHAWELA, MATALE.;MATALE;5;CENTRAL;NAULA;NAULA;MAHA
405020;5210;MA/ SRI SASANARATHANA MAHA PIRIVENA;DASGIRIYA, HATHTHOTA AMUNA, MATALE.;MATALE;5;CENTRAL;WILGAMUWA;LAGGALA-PALLEGAMA;MAHA
405012;5211;MA/SIRI JINARATHANA MAHA PIRIVENA;HETTIPOLA, WILGAMUWA;MATALE;5;CENTRAL;WILGAMUWA;LAGGALA-PALLEGAMA;
406011;6101;NE/ PRAGNAPRADEEPA MULIKA PIRIVENA;AMBATHALAWA, KOTHMALE.;NUWARA ELIYA;6;CENTRAL;KOTHMALE;KOTHMALE;MULIKA
406005;6102;NE/ SRI VIDYALOKA MULIKA PIRIVENA;RAWANAGODA, WIJAYABAHU KANDA,HATTON.;NUWARA ELIYA;6;CENTRAL;KOTMALE;KOTMALE;MULIKA
406006;6103;NE/ SRI GUNARATHANA MULIKA PIRIVENA;THISPANE KANDA, NAWA THISPANE, NAWALAPITIYA.;NUWARA ELIYA;6;CENTRAL;KOTMALE;KOTMALE;MULIKA
406004;6104;NE/ SRI RATHNALOKA MULIKA PIRIVENA;RUWANELIYA, NUWARAELIYA.;NUWARA ELIYA;6;CENTRAL;NUWARA-ELIYA;NUWARAELIYA;MULIKA
406003;6105;NE/ VIDYA VILASA MULIKA PIRIVENA;RUPAHA, HALGRANOYA.;NUWARA ELIYA;6;CENTRAL;WALAPANE;WALAPANE;MULIKA
406010;6106;NE/ SRI REWATHA MULIKA PIRIVENA;SRI SHARIPUTHTRARAMAYA, RAGALA, HALGRANOYA.;NUWARA ELIYA;6;CENTRAL;WALAPANE;WALAPANE;MULIKA
406002;6201;NE/ VIDYAKEERTHI MAHA PIRIVENA;THISSAPELA, HAGURANKETHA.;NUWARA ELIYA;6;CENTRAL;HANGURANKETHA;UDAHEWAHETA;MAHA
406001;6202;NE/ SRI DHARMODAYA MAHA PIRIVENA;MADANWALA, HAGURANKETHA.;NUWARA ELIYA;6;CENTRAL;HANGURANKETHA;UDAHEWAHETA;MAHA
406008;6203;NE/ SRI SUDHARMODAYA MAHA PIRIVENA;BADUPOLA, GINIGATHHENA.;NUWARA ELIYA;6;CENTRAL;HATTON;GINIGATHHENA;MAHA
406009;6204;NE/ SRI SENANANDA MAHAPIRIVENA;SRI JINENDRARAMAYA, KANDHAPOLA.;NUWARA ELIYA;6;CENTRAL;NUWARA-ELIYA;NUWARAELIYA;MAHA
407054;7101;GALLE/ SRI SADDHARMALANKARA MULIKA PIRIVENA;SIRI VIJAYARAMAYA,HIREWATTA,AMBALANGODA.;GALLE;7;SOUTHERN;AMBALANGODA;AMBALANGODA;MULIKA
407033;7102;GALL/ SRI GANATHILAKA MULIKA PIRIVENA;WELITHARA,BALAPITIYA.;GALLE;7;SOUTHERN;AMBALANGODA;BALAPITIYA;MULIKA
407067;7103;GALL/ SRI DEEPANKARA DHARMAYATHANA MULIKA PIRIVENA;BORALUKETIYA NORTH,URAGASMANG JUCTION;GALLE;7;SOUTHERN;AMBALANGODA;BALAPITIYA;MULIKA
407015;7104;GALL/ KSHESTHRARAMA MULIKA PIRIVENA;VERAGODA,KAHAWA.;GALLE;7;SOUTHERN;AMBALANGODA;HIKKADUWA;MULIKA
407032;7105;GALL/ SARASWATHI MANDAPA MULIKA PIRIVENA;SHYLABIMBARAMA MAHA VIHARAYA,DODANDOOWA.;GALLE;7;SOUTHERN;AMBALANGODA;HIKKADUWA;MULIKA
407041;7106;GALL/ SRI SEELAKKHADHA MULIKA PIRIVENA;KUMARA MAHA VIHARAYA,KUMARAKANDA,DODANDUUWA;GALLE;7;SOUTHERN;AMBALANGODA;HIKKADUWA;MULIKA
407050;7107;GALLE/ THOTAGAMU VIJAYABA MULIKA PIRIVENA;TELWATTA,HIKKADUWA.;GALLE;7;SOUTHERN;AMBALANGODA;HIKKADUWA;MULIKA
407058;7108;GALLE/ VIDYAGNANA MULIKA PIRIVENA;MAHA MANDALARAMA PURANA VIHARAYA,RATHGAMA.;GALLE;7;SOUTHERN;AMBALANGODA;HIKKADUWA;MULIKA
407072;7109;GALL/ SRI BUDDHARAKKHITHA MULIKA PIRIVENA;THEERANAGAMA,HIKKADUWA.;GALLE;7;SOUTHERN;AMBALANGODA;HIKKADUWA;MULIKA
407026;7110;GALL/ SRI SORATHA MULIKA PIRIVENA;NALAGASDENIYA,HIKKADUWA.;GALLE;7;SOUTHERN;AMBALANGODA;HIKKADUWA;MULIKA
407074;7111;GALL/ SRI DHEERANANDA MULIKA PIRIVENA;KENDALA RD,BUUSSA.;GALLE;7;SOUTHERN;AMBALANGODA;HIKKADUWA;MULIKA
407031;7112;GALL/ JANANANDARAMA MULIKA PIRIVENA;BADDEGAMA ROAD,KIRIHANDIGODA,HIKKADUWA.;GALLE;7;SOUTHERN;AMBALANGODA;SINIGAMA;MULIKA
407005;7113;GALL/ SRI SADDHARMODAYA MULIKA PIRIVENA;GALBADA,KATUKOLIHA.;GALLE;7;SOUTHERN;ELPITIYA;BENTOTA;MULIKA
407035;7114;GALL/ SRI SUDHARMADARA MULIKA PIRIVENA;THUNDUWA,HABARUGALA.;GALLE;7;SOUTHERN;ELPITIYA;BENTOTA;MULIKA
407039;7115;GALL/ SUDHARMAKARA MULIKA PIRIVENA;GOONAGALAPURA,BENTHOTA.;GALLE;7;SOUTHERN;ELPITIYA;BENTOTA;MULIKA
407061;7116;GALLE/ VIDYARATHANA MULIKA PIRIVENA;RAJA MAHA VIHARARAYA,GANEGODA,ELPITIYA.;GALLE;7;SOUTHERN;ELPITIYA;ELPITIYA;MULIKA
407025;7117;GALL/ SRI SARANANDA MULIKA PIRIVENA;METIWILIYA,PITIGALA.;GALLE;7;SOUTHERN;ELPITIYA;ELPITIYA;MULIKA
407045;7118;GALL/ SRI PUNGANANDA MULIKA PIRIVENA;PARAMAVISUDDHARAMA MAHA VIHARAYA, KAHADUWA.;GALLE;7;SOUTHERN;ELPITIYA;ELPITIYA;MULIKA
407066;7119;GALL/ SRI VIJAYAGANA MULIKA PIRIVENA;YATAGALA,URAGASMANHANDIYA.;GALLE;7;SOUTHERN;ELPITIYA;KARANDENIYA;MULIKA
407036;7120;GALL/ GANGATHILAKA MULIKA PIRIVENA;SRI PIYARATHANA NATHEROMAWATHA PITIGALA;GALLE;7;SOUTHERN;ELPITIYA;MATHTHAKA;MULIKA
407075;7121;GALL/ SIRI VIDYAWASA DWIBHASHA MULIKA PRIVENA;GANE PURANA RAJAMAHA VIHARAYA, BEMVEHERA, BENTOTA.;GALLE;7;SOUTHERN;ELPITIYA;MIRISWATTA;MULIKA
407040;7122;GALL/ VIDYA SRI WARDHANA MULIKA PIRIVENA;PORAWAGAMA,ELPITIYA.;GALLE;7;SOUTHERN;ELPITIYA;NIYAGAMA;MULIKA
407070;7123;GALL/ SANDHAHAM SEWANA MULIKA PIRIVENA;WATHTHEGODA,PORAWAGAMA,ELPITIYA.;GALLE;7;SOUTHERN;ELPITIYA;NIYAGAMA;MULIKA
407071;7124;GALL/ VIDUAMIHINDU MULIKA PIRIVENA;HATHTHAKA,PITIGALA.;GALLE;7;SOUTHERN;ELPITIYA;NIYAGAMA;MULIKA
407048;7125;GALL/ WALPOLA SRI RAHULA MULIKA PIRIVENA;RAJAMAHA VIHARAYA,PARAGODA,IMADUWA.;GALLE;7;SOUTHERN;GALLE;AHANGAMA;MULIKA
407065;7126;GALL/ SRI INDRAJOTHI MULIKA PIRIVENA;JAYASUMANARAMAYA,ULUWITIKE.;GALLE;7;SOUTHERN;GALLE;AKMEEMANA;MULIKA
407076;7127;GALL/ SIRI VIDYA PRABHASHWARA MULIKA PIRIVENA;HILLSIDE STATE, ANANGODA, GALLE;GALLE;7;SOUTHERN;GALLE;AKMEEMANA;MULIKA
407053;7128;GALLE/ VIDYAPRADEEPA MULIKA PIRIVENA;MANAWILA, WALAHANDUWA, GALLE.;GALLE;7;SOUTHERN;GALLE;AKMEEMANA;MULIKA
407029;7129;GALL/ SRI INDASARA DARMAYATHANA MULIKA PIRIVENA;GANEGAMA,DAKUNA,BADDEGAMA.;GALLE;7;SOUTHERN;GALLE;BADDEGAMA;MULIKA
407042;7130;GALL/ SRI SARANANKARA MULIKA PIRIVENA;SRI WIJAYAWARDHANARAMAYA,KEEMBIELA, BADDEGAMA;GALLE;7;SOUTHERN;GALLE;BADDEGAMA;MULIKA
407027;7131;GALL/ SRI PRIYARATHNA MULIKA PIRIVENA;SRI PRIYARATHNA MAWATHA,BOPE,GALLE.;GALLE;7;SOUTHERN;GALLE;GALLE;MULIKA
407030;7132;GALL/ VIJAYANANDA MULIKA PIRIVENA;NO.06,WELIWATTA,GALLE.;GALLE;7;SOUTHERN;GALLE;GALLE;MULIKA
407064;7133;GALL/ SRI VIDYASARA MULIKA PIRIVENA;SRI BUDDHASINHARAMA PURANA VIHARAYA,MAKULUWA,GALLE.;GALLE;7;SOUTHERN;GALLE;GALLE;MULIKA
407062;7134;GALL/ VIDYALOKA MULIKA PIRIVENA;NO.51,WAKWELLA RD,GALLE.;GALLE;7;SOUTHERN;GALLE;GALLE;MULIKA
407069;7135;GALL/ UDITHADEERA MULIKA PIRIVENA;LANUMOODARA,HABARAADUWA.;GALLE;7;SOUTHERN;GALLE;HABARADUUWA;MULIKA
407046;7136;GALL/ VIDYACHANDRA MULIKA PIRIVENA;DIGAREDDA, AHANGAMA.;GALLE;7;SOUTHERN;GALLE;HABARADUWA;MULIKA
407020;7137;GALL/ VIDYAKANTHI MULIKA PIRIVENA;HEENATIGALA,THALPE,GALL.;GALLE;7;SOUTHERN;GALLE;HABARADUWA;MULIKA
407021;7138;GALL/ VIDYARATHNA MULIKA PIRIVENA;HABARADUWA.;GALLE;7;SOUTHERN;GALLE;HABARADUWA;MULIKA
417002;7139;SRI/ THOMAS AMARASOORIYA MULIKA PIRIVENA;THALATHUDUWA,KOGGALA,HABARADUWA..;GALLE;7;SOUTHERN;GALLE;HABARADUWA;MULIKA
407055;7140;GALLE/ SIRI PEMARATHANA MULIKA PIRIVENA;BOGAHAWATTA, AHANGAMA.;GALLE;7;SOUTHERN;GALLE;HABARADUWA;MULIKA
407063;7141;GALL/ SIRI UPARATHANA MULIKA PIRIVENA;SRI SAMUDRAGIRI VIHARAYA,RUUMASSALA,DANAWATUNA.;GALLE;7;SOUTHERN;GALLE;HABARADUWA;MULIKA
407068;7142;GALL/ SIRI GANARATHANA MULIKA PIRIVENA;NIGRODHARAMA MAHA VIHARAYA,MAKANDUGODA, THALPE.;GALLE;7;SOUTHERN;GALLE;HABARADUWA;MULIKA
407023;7143;GALL/ DHARMODAYA MULIKA PIRIVENA;MAHA WIHARAYA,AHANGAMA.;GALLE;7;SOUTHERN;GALLE;HABARADUWA;MULIKA
407073;7144;GALL/ SRI DEVARAKKHITHA MULIKA PIRIVENA;SRI PUURWARAMA VIHARAYA,KARAGODA,YAKKALAMULLA,GALLE.;GALLE;7;SOUTHERN;UDUGAMA;KOTTAWA;MULIKA
407016;7145;GALL/ VIDYATHILAKA MULIKA PIRIVENA;ETHUMALE,GALLE.;GALLE;7;SOUTHERN;UDUGAMA;MAPALAGAMA;MULIKA
407037;7146;GALL/ VIDYAKEERITHI MULIKA PIRIVENA;UDUGAMA MAHINDAWANSHA NA THERO RD, UDUGAMA,GALLE.;GALLE;7;SOUTHERN;UDUGAMA;MAPALAGAMA;MULIKA
407030;7147;GALL/ HABARAKADA SRI WIJAYANANDA MULIKA PIRIVENA;HABARAKADA,THAWALAMA.;GALLE;7;SOUTHERN;UDUGAMA;THAWALAMA;MULIKA
407057;7148;GALLE/ SRI VIDYAWARDHANA MULIKA PIRIVENA;SRI NATHARAMA VIHARAYA,DELLAWA,MORAWAKA.;GALLE;7;SOUTHERN;UDUGAMA;THAWALAMA;MULIKA
407051;7149;GALL/ SRI DHARMALOKA MULIKA PIRIVENA;PURANA RAJAMAHA VIHARAYA,BATUWANGALA,NELUWA.;GALLE;7;SOUTHERN;UDUGAMA;THAWALAMA;MULIKA
407052;7150;GALL/ AADICHCHAWANSA MULIKA PIRIVENA;GANGARAMA PURANA VIHARAYA,UDUMALAGALA,YAKKALAMULLA.;GALLE;7;SOUTHERN;UDUGAMA;YAKKALAMULLA;MULIKA
407006;7151;GALL/ SRI INDASARA MULIKA PIRIVENA;MAJUWANA;GALLE;7;SOUTHERN;GALLE;GALLE;
407014;7201;GALL/ SRI PUSHPARAMA MAHA PIRIVENA;SRI PUSHPARAMAYA,MEETIYAGODA.;GALLE;7;SOUTHERN;AMBALANGODA;AMBALANGODA;MAHA
407010;7202;GALL/ VIDYALOKA MAHA PIRIVENA;AMBALANGODA;GALLE;7;SOUTHERN;AMBALANGODA;AMBALANGODA;MAHA
407007;7203;GALL/ SHIKSHALANKARA MAHA PIRIVENA;RANDOBE,AMBALANGODA.;GALLE;7;SOUTHERN;AMBALANGODA;BALAPITIYA;MAHA
407017;7204;GALL/ SUGATHASASANODAYA MAHA PIRIVENA;AMBARUKKARAMAYA,WELITHARA, BALAPITIYA.;GALLE;7;SOUTHERN;AMBALANGODA;BALAPITIYA;MAHA
407028;7205;GALL/ VIHARAMAHADEWI MULIKA PIRIVENA;MUNICIPAL COUNCIL ROAD,ELPITIYA.;GALLE;7;SOUTHERN;ELPITIYA;ELPITIYA;MAHA
407034;7206;GALL/ SRI RATHANAMOULI MAHA PIRIVENA;INDIPALEGODA,PITIGALA.;GALLE;7;SOUTHERN;ELPITIYA;ELPITIYA;MAHA
407047;7207;GALL/ VIDYA SAMADHI MAHA PIRIVENA;SRI PADA MAHA VIHARAYA,HIPANKANDA,NAWADAGALA.;GALLE;7;SOUTHERN;ELPITIYA;KARANDENIYA;MAHA
407049;7208;GALL/ SIRI ABHAYATISSA MAHA PIRIVENA;SRI BODIRAJARAMAYA,MADAKUMBURA,KARANDENIYA.;GALLE;7;SOUTHERN;ELPITIYA;KARANDENIYA;MAHA
407013;7209;GALL/ VIDYASHANTHI MAHA PIRIVENA;WAIHENA,MATHTHAKA.;GALLE;7;SOUTHERN;ELPITIYA;MATHTHAKA;MAHA
407038;7210;GALL/ SRI WIMALAGIRI MAHA PIRIVENA;GLAHENKANDA,AMPEYGAMA.;GALLE;7;SOUTHERN;ELPITIYA;WELIVITIYA-DIVITHURA;MAHA
407011;7211;GALL/ HETTACHALA MAHA PIRIVENA;YATAGALA RAJA MAHA VIHARAYA,UNAWATUNA,GALLE.;GALLE;7;SOUTHERN;GALLE;AKMEEMANA;MAHA
407043;7212;GALL/ SRI AMRAWANSA MAHA PIRIVENA;KIRIBATHAWILA,BADDEGAMA.;GALLE;7;SOUTHERN;GALLE;BADDEGAMA;MAHA
407008;7213;GALL/ SRI VIDYARAJA MAHA PIRIVENA;SRI PARAMA VICHITHRANANDA MAHA VIHARAYA,GALWADUGODA.GALLE.;GALLE;7;SOUTHERN;GALLE;GALLE;MAHA
407019;7214;GALL/ SRI GUNODAYA MAHA PIRIVENA;MAHAMODARA,GALLE.;GALLE;7;SOUTHERN;GALLE;GALLE;MAHA
407002;7215;GALL/ SRI REWATHA MAHA PIRVENA;SRI REWATHA RD,KUMBALWELLA,GALLE.;GALLE;7;SOUTHERN;GALLE;GALLE;MAHA
407056;7216;GALLE/ SRI LANKA DARMADUTHA MAHA PIRIVENA;KALUWELLA,GALLE.;GALLE;7;SOUTHERN;GALLE;GALLE;MAHA
407012;7217;GALL/ SRI SARANAPALA MAHA PIRIVENA;NAKIYADENIYA,GALLE.;GALLE;7;SOUTHERN;UDUGAMA;YAKKALAMULLA;MAHA
407018;7218;GALL/ GANGARAMA MAHA PIRIVENA;PANANGALA,GALLE.;GALLE;7;SOUTHERN;UDUGAMA;THAWALAMA;MAHA
407062;7219;GALL/ VIDYALOKA MAHA PIRIVENA;NO 27, HAVELOCK PLACE;GALLE;7;SOUTHERN;UDUGAMA;;
407501;7401;GALL/ DEEGIRI MEHENI EDUCATION INSTITUTE;AKURALA, KAHAWA, AMBALANGODA.;GALLE;7;SOUTHERN;AMBALANGODA;HIKKADUWA;SEELAMATHA
0;7501;SRI GNANANANDA PIRIVENA;WATHURAVILA.;GALLE;7;SOUTHERN;;;SPECIAL
408067;8101;MARA/ SRI JETHAWANA MULIKA PIRIVENA;JETHAWANA RAJAMAHA VIHARAYA, GODAPITIYA, AKURESSA.;MATARA;8;SOUTHERN;AKURESSA;AKURESSA;MULIKA
408021;8102;MARA/ MARAMBA VIDYA SRI MULIKA PIRIVENA;MARAMBA,AKURESSA.;MATARA;8;SOUTHERN;AKURESSA;AKURESSA;MULIKA
408031;8103;MARA/ SRI SUDHARSHANA MULIKA PIRIVENA;ATHURALIYA.;MATARA;8;SOUTHERN;AKURESSA;AKURESSA;MULIKA
408038;8104;MARA/ SRI VIDYANANDA MULIKA PIRIVENA;GANGARAMAYA,AMALAGODA,AKURESSA.;MATARA;8;SOUTHERN;AKURESSA;AKURESSA;MULIKA
408040;8105;MARA/ DIYALAPE SRI VIDYAKEERTHI MULIKA PIRIVENA;DIYALAPE,AKURESSA.;MATARA;8;SOUTHERN;AKURESSA;AKURESSA;MULIKA
408047;8106;MARA/ SRI WARDHANA MULIKA PIRIVENA;DEEGALA,MARAMBA,AKURESSA.;MATARA;8;SOUTHERN;AKURESSA;AKURESSA;MULIKA
408054;8107;MAHA/ DHARMAWIJAYA MULIKA PIRIVENA;SRI DHAMMAWASA NAHIMI RD,MALIDUWA,AKURESSA.;MATARA;8;SOUTHERN;AKURESSA;AKURESSA;MULIKA
408058;8108;MARA/ SRI PIYATISSA MULIKA PIRIVENA;WELIHENA,BOPAGODA,AKURESSA.;MATARA;8;SOUTHERN;AKURESSA;AKURESSA;MULIKA
408048;8109;MARA/ SIRI MAHINDA MULIKA PIRIVENA;KAHAVILGODA PURANA RAJAMAHA VIHARAYA,ALGIRIYA,THELIJJAWILA.;MATARA;8;SOUTHERN;AKURESSA;MALIMBADA;MULIKA
408063;8110;MARA/ SRI PEMANANDA MULIKA PIRIVENA;"SRI INDRARAMAYA,MALIMBADA;PALATUWA.";MATARA;8;SOUTHERN;AKURESSA;MALIMBADA;MULIKA
408053;8111;MARA/ RAJAMAHA VIHARA MULIKA PIRIVENA;KANANKE,KADAWEEDIYA.;MATARA;8;SOUTHERN;AKURESSA;WELIPITIYA;MULIKA
408025;8112;MARA/ DHARMADWAJA MULIKA PIRIVENA;TEMPLE RD,DENIYAYA.;MATARA;8;SOUTHERN;DENIYAYA;KOTAPOLA;MULIKA
408066;8113;MARA/ SRI VIPULASARA MULIKA PIRIVENA;SRI GANGAGIRI VIHARAYA, GORAKAWELA, PITTABEDDARA.;MATARA;8;SOUTHERN;DENIYAYA;MORAWAKA;MULIKA
408037;8114;MARA/ SRI VIJAYA MULIKA PIRIVENA;MORAWAKA.;MATARA;8;SOUTHERN;DENIYAYA;MORAWAKA;MULIKA
408065;8115;MARA/ BANAGALA SRI UPATISSA MULIKA PIRIVNA;SUMANGALA RD,BANAGALA.;MATARA;8;SOUTHERN;DENIYAYA;MORAWAKA;MULIKA
408026;8116;MARA/ THUSITHA MULIKA PIRIVENA;URUBOKKA.;MATARA;8;SOUTHERN;DENIYAYA;PASGODA;MULIKA
408033;8117;MARA/ SRI MEDHANKARA MULIKA PIRIVENA;URUBOKKA.;MATARA;8;SOUTHERN;DENIYAYA;PASGODA;MULIKA
408043;8118;MARA/ SRI ARIYAWANSA MULIKA PIRIVENA;CHETHIYAKANDARARAMAYA,BENGAMUWA.;MATARA;8;SOUTHERN;DENIYAYA;URUBOKKA;MULIKA
408028;8119;MARA/ SRI SOMANANDA MULIKA PIRIVENA;SRI SEPALIKARAMAYA,UDA APAREKKA,APAREKKA.;MATARA;8;SOUTHERN;MATARA;DEVINUWARA;MULIKA
408059;8120;MARA/ SIRI UPATISSA MULIKA PIRIVENA;VANDURUDENIYA PURANA VIHARAYA,KAPUGAMA,DEVINUWARA.;MATARA;8;SOUTHERN;MATARA;DEVINUWARA;MULIKA
408032;8121;MARA/ SIRI SARANANKARA MULIKA PIRIVENA;WALASGALA.;MATARA;8;SOUTHERN;MATARA;DIKWELLA;MULIKA
408060;8122;MARA/ SIRI SUDASSANA MULIKA PIRIVENA;BUDU RAJA MAHA VEHERA,VAVURUKANNALA,DICKWELLA.;MATARA;8;SOUTHERN;MATARA;DIKWELLA;MULIKA
408061;8123;MARA/ SRI RATHANASARA MULIKA PIRIVENA;GALKANDA PURANA VIHARAYA,BAMBARENDA,KOTTAGODA.;MATARA;8;SOUTHERN;MATARA;DIKWELLA;MULIKA
408064;8124;MARA/ SRI DHAMMADINNA MULIKA PIRIVENA;VELUWANARAMA MULA MAHA VIHARAYA,VEHELLA,URUGAMUWA,;MATARA;8;SOUTHERN;MATARA;DIKWELLA;MULIKA
408020;8125;MARA/ SIRIMANGALA MULIKA PIRIVENA;WALPOLA,MATARA.;MATARA;8;SOUTHERN;MATARA;MATARA;MULIKA
408022;8126;MARA/ SRI PUSHPARAMA MULIKA PIRIVENA;WELIWERIYA,MATARA.;MATARA;8;SOUTHERN;MATARA;MATARA;MULIKA
408029;8127;MARA/ NALANDA MULIKA PIRIVENA;RAJAMAHA VIHARAYA,VEHERAGAMPITA, MATARA.;MATARA;8;SOUTHERN;MATARA;MATARA;MULIKA
408034;8128;MARA/ VIDYARATHNA MULIKA PIRIVENA;THALPAVILA,KEKANADURA.;MATARA;8;SOUTHERN;MATARA;MATARA;MULIKA
408056;8129;MARA/ SRI PAGNATISSA MULIKA PIRIVENA;MIDELLAWELA PURANA WIHARAYA,NAIMBALA,THIHAGODA,MATARA.;MATARA;8;SOUTHERN;MATARA;MATARA;MULIKA
408039;8130;MARA/ SIRISUMANA MULIKA PIRIVENA;MIDIGAMA,AHANGAMA.;MATARA;8;SOUTHERN;MATARA;WELIGAMA;MULIKA
408024;8131;MARA/ AGRABODHI MULIKA PIRIVENA;AGRABODHI RAJAMAHA WIHARAYA,WELIGAMA.;MATARA;8;SOUTHERN;MATARA;WELIGAMA;MULIKA
408027;8132;MARA/ SIRI SUNANDA MULIKA PIRIVENA;SUNANDA RD,MIRISSA.;MATARA;8;SOUTHERN;MATARA;WELIGAMA;MULIKA
408055;8133;MARA/ SRI SOMANANDA MULIKA PIRIVENA;72,HETTIWEEDIYA,WELIGAMA.;MATARA;8;SOUTHERN;MATARA;WELIGAMA;MULIKA
408042;8134;MARA/ MAHENDRA MULIKA PIRIVENA;THALARAMBA,KAMBURUGAMUWA.;MATARA;8;SOUTHERN;MATARA;WELIGAMA;MULIKA
408044;8135;MARA/ SAMUDRAGIRI MULIKA PIRIVENA;VEHERAGALLA PURANA VIHARAYA,MIRISSA.;MATARA;8;SOUTHERN;MATARA;WELIGAMA;MULIKA
408052;8136;MARA/ SIRI WAJIRAGNA MULIKA PIRIWENA;DEWAGIRI VIHARAYA,KAMBURUGAMUWA.;MATARA;8;SOUTHERN;MATARA;WELIGAMA;MULIKA
0;8137;MARA/ SIRI SUMANARATHANA MULIKA PIRIVENA;WELIPITIYA, WELIGAMA;MATARA;8;SOUTHERN;MATARA;WELIGAMA;MULIKA
408045;8138;MARA/ SRI VIJAYASUNDARA MULIKA PIRIVENA;HORAPAVITA,KAMBURUPITIYA.;MATARA;8;SOUTHERN;MULATIYANA;DEIYANDARA;MULIKA
408018;8139;MARA/ VIDYAKEERTHI MULIKA PIRIVENA;WEWALAPIYADDA,DEIYANDARA.;MATARA;8;SOUTHERN;MULATIYANA;DEIYANDARA;MULIKA
408036;8140;MARA/ SRI DEWANANDA MULIKA PIRIVENA;PURANA RAJAMAHA VIHARAYA,RANSEGODA.;MATARA;8;SOUTHERN;MULATIYANA;DIYANDARA;MULIKA
408023;8141;MARA/ SRI GUNANANDA MULIKA PIRIVENA;LALPE,KARATOTA,HAKMANA.;MATARA;8;SOUTHERN;MULATIYANA;HAKMANA;MULIKA
408041;8142;MARA/ MAHA VIHARA MULIKA PIRIVENA;PURANA MAHA VIHARAYA,KEMBILIYAPOLA HAKMANA.;MATARA;8;SOUTHERN;MULATIYANA;HAKMANA;MULIKA
408051;8143;MARA/ SIRI SUMANA MULIKA PIRIVENA;ELLEWELA SOUTH,HAKMANA.;MATARA;8;SOUTHERN;MULATIYANA;HAKMANA;MULIKA
408030;8144;MARA/ POORWARAMA MULIKA PIRIVENA;KIRINDA,PUHULWELLA.;MATARA;8;SOUTHERN;MULATIYANA;KAMBURUPITIYA;MULIKA
408019;8145;MARA/ SRI DHAMMANANDA MULIKA PIRIVENA;PURANA VIHARAYA,VILEGODA,KAMBURUPITIYA.;MATARA;8;SOUTHERN;MULATIYANA;KAMBURUPITIYA;MULIKA
408046;8146;MARA/ SIRI RATHANAPALA MULIKA PIRIVENA;SRI BODHIRAJARAMAYA,GODAWA, KAMBURUPITIYA.;MATARA;8;SOUTHERN;MULATIYANA;KAMBURUPITIYA;MULIKA
408049;8147;MARA/ SRI ISIPATHANA MULIKA PIRIVENA;KIRINDA,PUHULWELLA.;MATARA;8;SOUTHERN;MULATIYANA;KAMBURUPITIYA;MULIKA
408062;8148;MARA/ SIRI WANARATHANA MULIKA PIRIVENA;URAPOLA,THIHAGODA,MATARA.;MATARA;8;SOUTHERN;MULATIYANA;KAMBURUPITIYA;MULIKA
408050;8201;MARA/ SRI VIDYAKEERTHI MAHA PIRIVENA;SIYAMBALAGODA EAST,PITABEDDARA.;MATARA;8;SOUTHERN;DENIYAYA;MORAWAKA;MAHA
408016;8202;MARA/ SAUGATHODAYA VIDYALA MAHA PIRIVENA;KOTTAGODA.;MATARA;8;SOUTHERN;MATARA;DIKWELLA;MAHA
408008;8203;MARA/ VIDYATHILAKA MAHA PIRIVENA;BATHIGAMA,DIKERLLA.;MATARA;8;SOUTHERN;MATARA;DIKWELLA;MAHA
408007;8204;MARA/ SIDDHARTHODAYA MAHA PIRIVENA;ANAGARIKA DHARMAPALA NAGARAYA, MARATA.;MATARA;8;SOUTHERN;MATARA;MATARA;MAHA
408015;8205;MARA/ JAYASUMANA MAHA PIRIVENA;KOTUWEGODA,MATARA.;MATARA;8;SOUTHERN;MATARA;MATARA;MAHA
408009;8206;MARA/ GUNARATHANA MUDALINDA MAHA PIRIVENA;HITHTHETIYA EAST,MATARA.;MATARA;8;SOUTHERN;MATARA;MATARA;MAHA
408012;8207;MARA/ SIRI REVATHA MAHA PIRIVENA;PURWARAMA RAJAMAHA VIHARAYA, VEHERAHENA,MATARA.;MATARA;8;SOUTHERN;MATARA;MATARA;MAHA
408013;8208;MARA/ VEERABA MAHA PIRIVENA;JAYAMAHA VIHARAYA,JAYAMAHA VIHARA RD, NUPE,MAHARA.;MATARA;8;SOUTHERN;MATARA;MATARA;MAHA
408035;8209;MARA/ SIRI RATHANAPALA MAHA PIRIVENA;NO 53, KOTUWA,MATARA.;MATARA;8;SOUTHERN;MATARA;MATARA;MAHA
408017;8210;MARA/ VIDYARAJA MAHA PIRIVENA;PANNANWELA,MEE-ELLA.;MATARA;8;SOUTHERN;MULATIYANA;HAKMANA;MAHA
408010;8211;MARA/ JINARAJA MAHA PIRIVENA;POTHTHEWELA,HAKKMANA.;MATARA;8;SOUTHERN;MULATIYANA;HAKMANA;MAHA
408011;8212;MARA/ SRI UPASENA MAHA PIRIVENA;BATAPATHTHALA,KAMBURUPITIYA.;MATARA;8;SOUTHERN;MULATIYANA;KAMBURUPITIYA;MAHA
408057;8213;MARA/ SRI WIMALAJOTHI MAHA PIRIVENA;PURANA MAHA VIHARAYA,MAPALANA,KAMBURUPITIYA.;MATARA;8;SOUTHERN;MULATIYANA;KAMBURUPITIYA;MAHA
409041;9101;H/ SRI JINANANDA MULIKA PIRIVENA;SRI NIGRODHARAMAYA, WELANGAHAWELA, BARAWAKUMBUKA.;HAMBANTOTA;9;SOUTHERN;HAMBANTOTA;AMBALANTOTA;MULIKA
409028;9102;H/ SRI MAHANAGA MULIKA PIRIVENA;PANNAGAMUWA, WEERAVILA.;HAMBANTOTA;9;SOUTHERN;HAMBANTOTA;DEBARAWEWA;MULIKA
409011;9103;H/ SRI GNANAWIMALA MULIKA PIRIVENA;GALLAWILA PURANA VIHARAYA, PAHALA BERAGAMA, AMBALANTHOTA.;HAMBANTOTA;9;SOUTHERN;HAMBANTOTA;HAMBANTOTA;MULIKA
409029;9104;H/ SRI SOMARATHANA MULIKA PIRIVENA;RAJAMAHA VIHARAYA, HATHAGALA, HUNGAMA.;HAMBANTOTA;9;SOUTHERN;HAMBANTOTA;KIULA;MULIKA
409020;9105;H/ VIDYA GAWESHI MULIKA PIRIVENA;MAHANAGAPURA,LUNUGAMVEHERA.;HAMBANTOTA;9;SOUTHERN;HAMBANTOTA;LUNUGAMVEHERA;MULIKA
409027;9106;H/ WANAWASI DHARMAYATHANA MULIKA PIRIVENA;SALIYA WANAYA, RANMUDUWEWA, SOORIYAWEWA.;HAMBANTOTA;9;SOUTHERN;HAMBANTOTA;LUNUGAMVEHERA;MULIKA
409034;9107;H/ SRI VIDYA SOBHITHA MULIKA PIRIVENA;KUDAGAMMANA 10, WELIGATTA, HAMBANTHOTA.;HAMBANTOTA;9;SOUTHERN;HAMBANTOTA;LUNUGAMVEHERA;MULIKA
409033;9108;H/ DEEPANANDA MULIKA PIRIVENA;SITHUMINAWELA WIHARAYA, WELIGATHTHA HAMBANTHOTA.;HAMBANTOTA;9;SOUTHERN;HAMBANTOTA;LUNUGAMVEHERA;MULIKA
409040;9109;H/ SRI RATHANASIRI DARMARAJA MULIKA PIRIVENA;KENDAGASMANKADA, LUNUGAMWEHERA.;HAMBANTOTA;9;SOUTHERN;HAMBANTHOTA;LUNUGAMWEHERA;MULIKA
409036;9110;H/ SRI DHAMMAWASA DVEEBHASHA MULIKA PIRIVENA;KARANDULENA, SOORIYAWEWA.;HAMBANTOTA;9;SOUTHERN;HAMBANTOTA;SOORIYAWEWA;MULIKA
409024;9111;H/ SIRI ROHANA MULIKA PIRIVENA;BEDIWEWA, AMBALANTHOTA.;HAMBANTOTA;9;SOUTHERN;HAMBANTOTA;SURIYAWEWA;MULIKA
409032;9112;H/ SRI DHARMARATHANA MULIKA PIRIVENA;VIHARAGALA, SOORIYAWEWA.;HAMBANTOTA;9;SOUTHERN;HAMBANTOTA;SUURIYAWEWA;MULIKA
409037;9113;H/ SRI DHAMMATHILAKA DHARMAYATHANA DWEE BHASHA MULIKA PIRIVENA;SUDUWELI PEDESA, RANAKELIYA, KIRINDA, THISSAMAHARAMAYA.;HAMBANTOTA;9;SOUTHERN;HAMBANTOTA;THISSAMAHARAMA;MULIKA
409038;9114;H/ SRIMATH RANASINGHE PREMADASA MEMORIYAL MULIKA PIRIVENA;SRI VISHUDDHARAMAYA, GEMUNUPURA, DEBARAWEWA, THISSAMAHARAMAYA.;HAMBANTOTA;9;SOUTHERN;HAMBANTOTA;THISSAMAHARAMA;MULIKA
409022;9115;H/ SRI NARADA MULIKA PIRIVENA;NEDIGAMWILA, GONAGAMUWA, THISSAMAHARAMAYA.;HAMBANTOTA;9;SOUTHERN;HAMBANTOTA;TISSAMAHARAMA;MULIKA
409014;9116;H/ SRI GNANODAYA MULIKA PIRIVENA;KOTAWAYA RAJAMAHA VIHARAYA, HAKURUWELA, THANGALLA.;HAMBANTOTA;9;SOUTHERN;TANGALLE;AGUNUKOLAPELESSA;MULIKA
409035;9117;H/ SRI SAMBUDDHATHWA JAYANTHI MULIKA PIRIVENA;KASAGALA, UDAYALA, HAKURUWELA.;HAMBANTOTA;9;SOUTHERN;TANGALLE;AGUNUKOLAPELESSA;MULIKA
409009;9118;H/ SRI RATHANAPALA MULIKA PIRIVENA;HALPANDENIYA, IHALA BELIGALLA, BELIATTA.;HAMBANTOTA;9;SOUTHERN;TANGALLE;BELIATTA;MULIKA
409013;9119;H/ SIRISUNANADA MULIKA PIRIVENA;SIRI SUNANDA MAHA VIHARAYA, TANGALLE RD, BELIATTA.;HAMBANTOTA;9;SOUTHERN;TANGALLE;BELIATTA;MULIKA
409004;9120;H/ GAUTHAMA VIDYALAYA MULIKA PIRIVENA;HAMBANTHOTA RD, THANGALLA.;HAMBANTOTA;9;SOUTHERN;TANGALLE;TANGALLE;MULIKA
409012;9121;H/ SIRI DHAMMATHILAKA MULIKA PIRIVENA;JAYASUNDARA PURANA VIHARAYA, KADURUPOKUNA, THANGALLA.;HAMBANTOTA;9;SOUTHERN;TANGALLE;TANGALLE;MULIKA
409039;9122;H/ SRI PUNGNARATHANA MULIKA PIRIVENA;PATTIYAPOLA, VITHARANDENIYA.;HAMBANTOTA;9;SOUTHERN;TANGALLE;TANGALLE;MULIKA
409023;9123;H/ SRI KALYANIWANSHA MULIKA PIRIVENA;WALUKARAMA MAHA VIHARAYA, KUDAWELLA, NAKULUGAMUWA.;HAMBANTOTA;9;SOUTHERN;TANGALLE;TANGALLE;MULIKA
409005;9124;H/ SRI SUMANGALA MULIKA PIRIVENA;PURANA MAHA VIHARAYA, HUNGAMA ROAD, MIDDENIYA.;HAMBANTOTA;9;SOUTHERN;WALASMULLA;KATUWANA;MULIKA
409008;9125;H/ SRI SARANANKARA MULIKA PIRIVENA;MODARAWANA, BELIATTA.;HAMBANTOTA;9;SOUTHERN;WALASMULLA;WALSMULLA;MULIKA
409016;9126;H/ SRI SADDHANANDA MULIKA PIRIVENA;SRI SUDARMAWARDHANARAMAYA, OMARA, WALASMULLA.;HAMBANTOTA;9;SOUTHERN;WALASMULLA;WALSMULLA;MULIKA
409026;9127;H/ SIRI PUNNARATHANA MULIKA PIRIVENA;WEKADAWALA NORTH, WERAKETIYA.;HAMBANTOTA;9;SOUTHERN;WALASMULLA;WALSMULLA;MULIKA
409025;9128;H/ SRI VIDYANANDA MULIKA PIRIVENA;BEDIGAMA, VITHARANDENIYA.;HAMBANTOTA;9;SOUTHERN;WALASMULLA;WALSMULLA;MULIKA
409036;9129;H/ SRI DAMMAWASA MULIKA PIRIVENA;NEAR SAFARI UYANA;HAMBANTOTA;6;SOUTHERN;HAMBANTOTA;;
409006;9201;H/ SRI SADDATHISSA MAHA PIRIVENA;RANGIRI RAJAMAHA VIHARAYA, AMBALANTHOTA.;HAMBANTOTA;9;SOUTHERN;HAMBANTOTA;AMBALANTOTA;MAHA
409021;9202;H/ SIRI DHAMMANANDA MAHA PIRIVENA;SRI ASWATTARAMA PURANA VIHARAYA, NIHILUWA, BELIATHTHA.;HAMBANTOTA;9;SOUTHERN;TANGALLE;BELIATTA;MAHA
409002;9203;H/ SRI KAWANTHISSA MAHA PIRIVENA;MAHA VIHARAYA, THISSAMAHARAMAYA.;HAMBANTOTA;9;SOUTHERN;HAMBANTOTA;DEBARAWEWA;MAHA
409001;9204;H/ SRI GUNANANDA MAHA PIRIVENA;NIMBARAMAYA, HAMBANTHOTA.;HAMBANTOTA;9;SOUTHERN;HAMBANTOTA;HAMBANTOTA;MAHA
409031;9205;H/ SRI SUMEDHARAMA BUDURAJAWEHERA MAHA PIRIVENA;UNIT 11, NAGARAWEWA, THISSAPURA, MIRIJJAWILA, HAMANTOTA.;HAMBANTOTA;9;SOUTHERN;HAMBANTOTA;HAMBANTOTA;MAHA
409017;9206;H/ VIDYA PRADEEPA MAHA PERIVENA;SALIYAPURA, BERALIHELA, TISSAMAHARAMAYA.;HAMBANTOTA;9;SOUTHERN;HAMBANTOTA;LUNUGAMVEHERA;MAHA
409018;9207;H/ SRI VIJITHALOKA MAHA PIRIVENA;ALIOLUARA, SOORIYAWEWA.;HAMBANTOTA;9;SOUTHERN;HAMBANTOTA;SURIYAWEWA;MAHA
409010;9208;H/ SRI DHAMMADINNA MAHA PIRIVENA;POLOMMARUWA, THANGALLA.;HAMBANTOTA;9;SOUTHERN;TANGALLE;TANGALLE;MAHA
409015;9209;H/ MULAGIRI MAHA PIRIVENA;MULKIRIGALA, VEERAKETIYA.;HAMBANTOTA;9;SOUTHERN;WALASMULLA;WALSMULLA;MAHA
409019;9210;H/ SRI CHANDODAYA MAHA PIRIVENA;PALLEYKANDA, WALASMULLA.;HAMBANTOTA;9;SOUTHERN;WALASMULLA;WALSMULLA;MAHA
413001;12101;VAV/ SRI DHAMMARATHANA MULIKA PIRIVENA;SRI DALADA VIHARAYA, MADUKANDA, VAVUNIYA.;VAVUNIYA;12;NORTHERN;VAVUNIYA;VAVUNIYA DS DIVISION;MULIKA
414001;13101;MULA/ SRI THILAKAMITHRAMA MULIKA PIRIVENA;KIRI IBBANWEWA, WELIOYA.;MULLAITIVU;13;NORTHERN;MULLAITIVU;SAMPATHNUWARA;MULIKA
415002;15101;BATT/ SIRI SEELALANKARA MULIKA PIRIVENA;WELLAWADIYA, KALKUDA, BATTICALOA;BATTICALOA;15;EASTERN;BATTICALOA;KALKUDAH;MULIKA
416012;16101;AM/ DHARMASHOKA DHARMAYATHANA MULIKA PIRIVENA;NAMAL THALAWA, NAMALOYA.;AMPARA;16;EASTERN;AMPARA;AMPARA;MULIKA
416007;16102;AM/ SRI WICKRAMASHILA MULIKA PIRIVENA;MEEGAHAPALLAMA, DEWALAHINDA, AMPARA.;AMPARA;16;EASTERN;AMPARA;DAMANA;MULIKA
416019;16103;AM/ DEEGHAWAPI MULIKA PIRIVENA;DEEGHAWAPI RAJAMAHA VIHARAYA, DEEGHAWAPIYA, AMPARA.;AMPARA;16;EASTERN;AMPARA;DAMANA;MULIKA
416014;16104;AM/ SRI BODHIRAJA MULIKA PIRIVENA;SHASTHRAVELA, PANAMA.;AMPARA;16;EASTERN;AMPARA;LAHUGALA;MULIKA
416020;16105;AM/ SIRI INDASIRI MULIKA PIRIVENA;MUHUDU MAHA VIHARAYA, POTHUVIL.;AMPARA;16;EASTERN;AMPARA;LAHUGALA;MULIKA
416005;16106;AM/ SRI INDASARA DHARMADOOTHA MULIKA PIRIVENA;NO22,DEMATAMALPELESSA, UHANA.;AMPARA;16;EASTERN;AMPARA;UHANA;MULIKA
416010;16107;AM/ SRI VIDYASIRI MULIKA PIRIVENA;GONAGALA, GALAPITAGALA, AMPARA.;AMPARA;16;EASTERN;AMPARA;UHANA;MULIKA
416009;16108;AM/ SRI ANANDAGHANA MULIKA PIRIVENA;NO17, UDAYAPURA, WEERAGODA.;AMPARA;16;EASTERN;AMPARA;UHANA;MULIKA
416013;16109;AM/ SIRI SUBODHI MULIKA PIRIVENA;NO.29, THISSAKARAMA MAHA VIHARAYA, SENAGAMA, WERENKETAGODA.;AMPARA;16;EASTERN;AMPARA;UHANA;MULIKA
416017;16110;AM/ SRI SUBHODHARAMA MULIKA PIRIVENA;MAHAWANAWELA, DEHIATHTHAKANDIYA.;AMPARA;16;EASTERN;DEHIATTAKANDIYA;CHANDANAGAMA;MULIKA
416008;16111;AM/ SRI INDASARA DHARMA NIKETHANA MULIKA PIRIVENA;SRI SALAWANARAMAYA, SALPITIGAMA, DALUNEWELA.;AMPARA;16;EASTERN;DEHIATTAKANDIYA;DEHIATTAKANDIYA;MULIKA
416016;16205;AM/ SRI SADDHARMARAMA MULIKA PIRIVENA;SRI SAMAVIHARAYA, NAGASVEWA,;AMPARA;16;EASTERN;DEHIATTAKANDIYA;DEHIATTAKANDIYA;MULIKA
416004;16113;AM/ SRI SAMBUDDHALOKA MULIKA PIRIVENA;SADUNPURA, DEHIATTAKANDIYA.;AMPARA;16;EASTERN;DEHIATTAKANDIYA;SANDUNPURA;MULIKA
416006;16114;AM/ SRI VIDYAGHANA MULIKA PIRIVENA;UTHTHALAPURA, DAMANEWELA.;AMPARA;16;EASTERN;DEHIATTAKANDIYA;SANDUNPURA;MULIKA
416011;16115;AM/ SRI GUNARATHANA MULIKA PIRIVENA;GALLEN VIHARAYA, HARASGALA, MAHAOYA.;AMPARA;16;EASTERN;MAHAOYA;MAHAOYA;MULIKA
416021;16116;AM/ SRI INDASARA THRIPITAKA DHARMAYATHANA MULIKA PIRIVENA;ARANTHALAWA BHIKKU MONUMENT, MANGALAGAMA.;AMPARA;16;EASTERN;MAHAOYA;MAHAOYA;MULIKA
416018;16117;AM/ SIRI SEELARATHANA MULIKA PIRIVENA;SIRI DHAMMARATHANA RD, AMPARA.;AMPARA;16;EASTERN;AMPARA;AMPARA;MULIKA
416001;16201;AM/ SRI VIDYANANDA MAHA PIRIVENA;DHAMMAPALA ROAD, AMPARA.;AMPARA;16;EASTERN;AMPARA;AMPARA;MAHA
416002;16202;AM/ SIRI DHAMMARATHANA MAHA PIRIVENA;UTHTHARA JAYA MAHA VIHARAYA, HIGURANA, AMPARA.;AMPARA;16;EASTERN;AMPARA;DAMANA;MAHA
416015;16203;AM/ SRI MEDHANANDA MAHA PIRIVENA;KADIRAPURA, DEHIATHTHAKANDIYA.;AMPARA;16;EASTERN;DEHIATTAKANDIYA;DEHIATTAKANDIYA;MAHA
416003;16204;AM/ SIRI DHAMMARATHANA MAHA PIRIVENA;SAMANABEDDA, UHANA.;AMPARA;16;EASTERN;UHANA;UHANA;MAHA
417007;17101;TRI/ SRI SUDAMMANANDA MULIKA PIRIVENA;PULMUDE RD, OLD MEDAWACHCHIYA, MAHASENPURA.;TRINCOMALEE;17;EASTERN;GOMARANKADAWALA;PADAVI SRI PURA;MULIKA
417006;17102;TRI/ SRI GHANAWIMALA MULIKA PIRIVENA;SINIPURA VIHARASTHANAYA, KANTHALE.;TRINCOMALEE;17;EASTERN;KANTALE;KANTALE;MULIKA
413002;17103;TRI/ VIDYADEEPA MULIKA PIREVENA;RAJAMAHA VIHARAYA, UNIT 5, RAJAELA, KANTHALE.;TRINCOMALEE;17;EASTERN;KANTALE;KANTALE;MULIKA
417004;17104;TRI/ SRI DHAMMARATHANA MULIKA PIRIVENA;4 KANUWA, TRINCOMALEE, CHEENAWARAYA.;TRINCOMALEE;17;EASTERN;TRINCOMALEE;TRINCOMALEE;MULIKA
417002;17105;TRI/ SIRI GAJABA MULIKA PIRIVENA;MORAWEWA, PANKULAMA.;TRINCOMALEE;17;EASTERN;TRINCOMALEE;GOMARANKADAWALA;MULIKA
417008;17106;TRI/ SRI RATHANAJOTHI MULIKA PIRIVENA;GOMARANKADAWALA, TRINCOMALEE.;TRINCOMALEE;17;EASTERN;TRINCOMALEE;GOMARANKADAWALA;MULIKA
417003;17201;TRI/ SRI AGRABODHI MAHA PIRIVENA;KANTHALE.;TRINCOMALEE;17;EASTERN;KANTALE;KANTALE;MAHA
418022;18101;KU/ SRI RAHULA MULIKA PIRIVENA;ALAWWA.;KURUNEGALA;18;NORTH WESTERN;GIRIULLA;ALAWWA;MULIKA
418076;18102;KU/ SRI SONUTHTHARA MULIKA PIRIVENA;NUGAWELA PURANA VIHARAYA, MAHARACHCHIMULLA.;KURUNEGALA;18;NORTH WESTERN;GIRIULLA;ALAWWA;MULIKA
418077;18103;KU/ GIRI SRI PANGNANANDA MULIKA PIRIVENA;MAHARAGAMA, GIRIULLA.;KURUNEGALA;18;NORTH WESTERN;GIRIULLA;ALAWWA;MULIKA
418079;18104;KU/ SRI SOMARANSI MULIKA PIRIVENA;SALIYALA, DAMBADENIYA.;KURUNEGALA;18;NORTH WESTERN;GIRIULLA;ALAWWA;MULIKA
418092;18105;KURU/ SEELAKKANDA MULIKA PIRIVENA;KAVUDUMUNNA, DAMBADENIYA.;KURUNEGALA;18;NORTH WESTERN;GIRIULLA;GIRIULLA;MULIKA
418072;18106;KU/ SRI VIJAYASUNDARARAMA MULIKA PIRIVENA;RAJAMAHAVIHARAYA, DAMBADENIYA.;KURUNEGALA;18;NORTH WESTERN;GIRIULLA;NARAMMALA;MULIKA
418084;18107;KURU/ DHARMACHANDRA MULIKA PIRIVENA;PATHAHALMULLA RAJAMAHA VIHARAYA, PARAGOLLA, NIKADALUPOTHA.;KURUNEGALA;18;NORTH WESTERN;IBBAGAMUWA;GANEWATTA;MULIKA
418021;18108;KU/ SRI DHARMARAKSHITHA MULIKA PIRIVENA;KUMBUKWEWA, IBBAGAMUWA.;KURUNEGALA;18;NORTH WESTERN;IBBAGAMUWA;IBBAGAMUWA;MULIKA
418029;18109;KU/ SRI SIDDHARTHA MULIKA PIRIVENA;KUMBURULENA RAJAMAHA VIHARAYA, RIDEEGAMA.;KURUNEGALA;18;NORTH WESTERN;IBBAGAMUWA;RIDIGAMA;MULIKA
418073;18110;KULI/ SIRI GUNARATHANA MULIKA PIRIVENA;PANAWEWA, BINGIRIYA.;KURUNEGALA;18;NORTH WESTERN;KULIYAPITIYA;BINGIRIYA;MULIKA
418091;18111;KULI/ SIRI MAYURAPADA DVEEBHASHA MULIKA PIRIVENA;IHALAKARAMBE, WEERAPOKUNA.;KURUNEGALA;18;NORTH WESTERN;KULIYAPITIYA;BINGIRIYA;MULIKA
418048;18112;KULI/ SIRI VIJAYASUNDARA MULIKA PIRIVENA;ILUKHENA.;KURUNEGALA;18;NORTH WESTERN;KULIYAPITIYA;KULIYAPITIYA;MULIKA
418052;18113;KULI/ SRI SUDARMODAYA MULIKA PIRIVENA;KARAGAHAGEDARA, KULIYAPITIYA.;KURUNEGALA;18;NORTH WESTERN;KULIYAPITIYA;KULIYAPITIYA WEST;MULIKA
418046;18114;KULI/ AGRABODHI MULIKA PIRIVENA;POLPITIYA, KATUPOTHA.;KURUNEGALA;18;NORTH WESTERN;KULIYAPITIYA;NAKKAWATHTHA;MULIKA
418054;18115;KULI/ SRI PANGNAWASA MULIKA PIRIVENA;THAMBILIPITIYA, HOROMBAWA.;KURUNEGALA;18;NORTH WESTERN;KULIYAPITIYA;NAKKAWATHTHA;MULIKA
418044;18116;KULI/ SRI GNANODAYA MULIKA PIRIVENA;WELIWEHERA, MORAGANE.;KURUNEGALA;18;NORTH WESTERN;KULIYAPITIYA;PADUWASNUWARA;MULIKA
418051;18117;KULI/ SRI ARIYAWANSA MULIKA PIRIVENA;DUNUPOTHA BANDARAKOSWATTA;KURUNEGALA;18;NORTH WESTERN;KULIYAPITIYA;PADUWASNUWARA;MULIKA
418075;18118;KU/ PANDUKABHAYA MULIKA PIRIVENA;SRI SUMANARAMAYA RAJA MAHA VIHARAYA, PANDUWASNUWARA, HETTIPOLA.;KURUNEGALA;18;NORTH WESTERN;KULIYAPITIYA;PADUWASNUWARA;MULIKA
408087;18119;KULI/ SRI VIDYA VIBHUSHANA MULIKA PIRIVENA.;ORUGASSEYA PURANA VIHARAYA, GIRITHALANA, HETTIPOLA.;KURUNEGALA;18;NORTH WESTERN;KULIYAPITIYA;PADUWASNUWARA;MULIKA
408074;18120;KULI/ VIDYA PRASADA MULIKA PIRIVENA;PURANA VIHARAYA, UDUBADDAWA.;KURUNEGALA;18;NORTH WESTERN;KULIYAPITIYA;UDUBADDAWA;MULIKA
418024;18121;KU/ SRI MAHINDA MULIKA PIRIVENA;GETTUWANA ROAD, KURUNEGALA.;KURUNEGALA;18;NORTH WESTERN;KURUNEGALA;KURUNEGALA;MULIKA
418034;18122;KU/ SRI SUMANA MULIKA PIRIVENA;VANDURAGALA PURANA VIHARAYA, KURUNEGALA.;KURUNEGALA;18;NORTH WESTERN;KURUNEGALA;KURUNEGALA;MULIKA
418080;18123;KU/ BODIGAMA SRI SOMANANDA MULIKA PIRIVENA;BODIGAMA, BOYAGANE.;KURUNEGALA;18;NORTH WESTERN;KURUNEGALA;KURUNEGALA;MULIKA
418083;18124;KU/ SRI SIDDHATHTHA DAMMARAMA MULIKA PIRIVENA;YAKGIRILENA RAJAMAHA VIHARAYA, THALVITA, SERUWAWA.;KURUNEGALA;18;NORTH WESTERN;KURUNEGALA;KURUNEGALA;MULIKA
418019;18125;KU/ SIRI SANGAMITH SEELAMATHA EDUCATION INSTITUTE;SANGAMITH ARANA,KUDAGALGAMUWA,KURUNEGALA.;KURUNEGALA;18;NORTH WESTERN;KURUNEGALA;KURUNEGALA;MULIKA
418019;18125;KU/ SRI SUMANGALA MULIKA PIRIVENA;KOVANA, HINDAGOLLA.;KURUNEGALA;18;NORTH WESTERN;KURUNEGALA;MAWATHAGAMA;MULIKA
418078;18127;KU/ SRI SUDHARMANANDA MULIKA PIRIVENA;THALAMPITIYA, KOHILEGEDARA.;KURUNEGALA;18;NORTH WESTERN;KURUNEGALA;MAWATHAGAMA;MULIKA
418018;18128;KU/ SRI DHAMMANANDA MULIKA PIRIVENA;POOJAPITIYA,MATIKUMBURA, POLGAHAWELA.;KURUNEGALA;18;NORTH WESTERN;KURUNEGALA;POLGAHAWELA;MULIKA
401823;18129;KU/ SRI DEERANANDA MULIKA PIRIVENA;SRI BODHIMALU VIHARAYA, PILESSA.;KURUNEGALA;19;NORTH WESTERN;KURUNEGALA;MAWATHAGAMA;MULIKA
401823;18129;KU/ BODHIGUPTHA MULIKA PIRIVENA;DENAGAMUWA, POLGAHAWELA.;KURUNEGALA;18;NORTH WESTERN;KURUNEGALA;POLGAHAWELA;MULIKA
418058;18130;NIKA/ SRI GUNANANDA MULIKA PIRIVENA;ANAMADUWA RD, GALGAMUWA.;KURUNEGALA;18;NORTH WESTERN;MAHO;GALGAMUWA;MULIKA
418062;18131;NIKA/ SRI SEELANANDA MULIKA PIRIVENA;SRI DEWAGIRI RAJA MAHA VIHARAYA, DEWAGIRIYA.;KURUNEGALA;18;NORTH WESTERN;MAHO;GALGAMUWA;MULIKA
418064;18132;NIKA/ JAYABIMA THRIPITAKA DARMAYATHANA MULIKA PIRIVENA;MAHAGALKADAWALA, GALGAMUWA.;KURUNEGALA;18;NORTH WESTERN;MAHO;GALGAMUWA;MULIKA
418081;18133;NIKA/ SRI SOMANANDA MULIKA PIRIVENA;NEW TOWN, MEEGALEWA.;KURUNEGALA;18;NORTH WESTERN;MAHO;GALGAMUWA;MULIKA
418066;18134;NIKA/ SIRI SUMANGALA MULIKA PIRIVENA;RATHGALLEGAMA, MAHO.;KURUNEGALA;18;NORTH WESTERN;MAHO;MAHO;MULIKA
418085;18135;NIKA/ SRI MANGALA MULIKA PIRIVENA;MAELIYA.;KURUNEGALA;18;NORTH WESTERN;MAHO;POLPITHIGAMA;MULIKA
418060;18136;NIKA/ SRI SUMANGALA MULIKA PIRIVENA;KEBELLENA RAJA MAHA VIHARAYA, DAGAMA, MAELIYA.;KURUNEGALA;18;NORTH WESTERN;MAHO;POLPITHIGAMA;MULIKA
418068;18137;NIKA/ SRI SARANANDA MULIKA PIRIVENA;PUBBILIYA, KOBEIGANE.;KURUNEGALA;18;NORTH WESTERN;NIKAWERATIYA;KOBEIGANE;MULIKA
418057;18139;NIKA/ SRI PALITHA MULIKA PIRIVENA;SAMADARAPITIYA, NIKAWERATIYA.;KURUNEGALA;18;NORTH WESTERN;NIKAWERATIYA;NIKAWERATIYA;MULIKA
;;NIKA/ SRI SANGARAKSHITHA MULIKA PIRIVENA;UDAHENEGAMA, KOTAWEHERA.;KURUNEGALA;19;NORTH WESTERN;NIKAWERATIYA;NIKAWERATIYA;MULIKA
418082;18140;NIKA/ SRI SADDHANANDA MULIKA PIRIVENA;WEERAHENEGEDARA, PANADARAGAMA.;KURUNEGALA;18;NORTH WESTERN;NIKAWERATIYA;WARIYAPOLA;MULIKA
;;NIKA/ SRI VIMALA MULIKA PIRIVENA;BOGODA, PADENIYA.;KURUNEGALA;18;NORTH WESTERN;NIKAWERATIYA;WARIYAPOLA;MULIKA
418015;18201;KU/ PRAWACHANALANKARA MAHA PIRIVENA;NARAMMALA.;KURUNEGALA;18;NORTH WESTERN;GIRIULLA;ALAWWA;MAHA
418027;18202;KURU/ SIRI VIJAYA MAHA PIRIVENA;PARAMAULLA, ALWWA.;KURUNEGALA;18;NORTH WESTERN;GIRIULLA;ALAWWA;MAHA
418007;18203;KU/ VIDYARTHALANKARA MAHA PIRIVENA;DAMPELESSA, NARAMMALA.;KURUNEGALA;18;NORTH WESTERN;GIRIULLA;NARAMMALA;MAHA
418013;18204;KU/ SRI SEELAWATHI MAHA PIRIVENA;NARAMMALA;KURUNEGALA;18;NORTH WESTERN;GIRIULLA;NARAMMALA;MAHA
418025;18205;KU/ SRI DHARMODAYA MAHA PIRIVENA;GALWARAMA, ALWWA.;KURUNEGALA;18;NORTH WESTERN;GIRIULLA;NARAMMALA;MAHA
418047;18206;KU/ SRI SANGHARAKSHITHA MAHA PIRIVENA;KURUNEGALA ROAD, GIRIULLA.;KURUNEGALA;18;NORTH WESTERN;GIRIULLA;PANNALA;MAHA
418001;18207;KU/ VIDYASAGARA MAHA PIRIVENA;MONARAGALA VIHARAYA, RAMBADAGALLA, RIDEEGAMA.;KURUNEGALA;18;NORTH WESTERN;IBBAGAMUWA;RIDIGAMA;MAHA
0;18208;KU/ SRI DHAMMADHARA MAHA PIRIVENA;ALAKOLAMADA, DODANGASLANDA.;KURUNEGALA;18;NORTH WESTERN;IBBAGAMUWA;RIDIGAMA;MAHA
418012;18209;KU/ SRI VIJAYA MAHA PIRIVENA;SEGELENA, BULUWALA.;KURUNEGALA;18;NORTH WESTERN;IBBAGAMUWA;RIDIGAMA;MAHA
418049;18210;KULI/ RATHNALOKA MAHA PIRIVENA;WELLARAWA, BINGIRIYA.;KURUNEGALA;18;NORTH WESTERN;KULIYAPITIYA;BINGIRIYA;MAHA
418045;18211;KULI/ SRIPATHI MAHA PIRIVENA;DIYAKALAMULLA, KULIYAPITIYA.;KURUNEGALA;18;NORTH WESTERN;KULIYAPITIYA;KULIYAPITIYA;MAHA
418042;18212;KULI/ SRI VIDYARAJA MAHA PIRIVENA;WEWAGAMA, WEWAGAMA.;KURUNEGALA;18;NORTH WESTERN;KULIYAPITIYA;KULIYAPITIYA;MAHA
418050;18213;KULI/ SRI DHARMARAJA MAHA PIRIVENA;KANADULLA, KULIYAPITIYA.;KURUNEGALA;18;NORTH WESTERN;KULIYAPITIYA;KULIYAPITIYA;MAHA
418040;18214;KULI/ SRI LOKANANDA MAHA PIRIVENA;VADAKANDA, WEWAGAMA;KURUNEGALA;18;NORTH WESTERN;KULIYAPITIYA;KULIYAPITIYA WEST;MAHA
418041;18215;KULI/ VIDYA VINODHA MAHA PIRIVENA;HETTIPOLA ROAD, KULIYAPITIYA.;KURUNEGALA;18;NORTH WESTERN;KULIYAPITIYA;KULIYAPITIYA WEST;MAHA
418053;18216;KULI/ SRI VIMALODAYA MAHA PIRIVENA;KADAWALAGEDARA, THUTHTHIRIPITIGAMA.;KURUNEGALA;18;NORTH WESTERN;KULIYAPITIYA;PADUWASNUWARA;MAHA
418038;18217;KULI/ DHARMARAJA MAHA PIRIVENA;NEDALAGAMUWA, WADUMUNNEGEDARA.;KURUNEGALA;18;NORTH WESTERN;KULIYAPITIYA;PANNALA;MAHA
418039;18218;KULI/ SHASTHRODA MAHA PIRIVENA;HEDIYAGALA, SANDALANKAWA.;KURUNEGALA;18;NORTH WESTERN;KULIYAPITIYA;PANNALA;MAHA
418043;18219;KULI/ SRI MALIYADEWA MAHA PIRIVENA;BIBILADENIIYA, UDUBADDAWA.;KURUNEGALA;18;NORTH WESTERN;KULIYAPITIYA;UDUBADDAWA;MAHA
418006;18220;KU/ MALIYADEWA VIDYARAKSHAKA MAHA PIRIVENA;KANDY ROAD, KURUNEGALA.;KURUNEGALA;18;NORTH WESTERN;KURUNEGALA;KURUNEGALA;MAHA
418030;18221;KU/ DHAMMARATHANA MAHA PIRIVENA;SRI MUDALINDARAMAYA, RANGAMA, WELLAWA.;KURUNEGALA;18;NORTH WESTERN;KURUNEGALA;KURUNEGALA;MAHA
418032;18222;KU/ SRI RUWANBODHI MAHA PIRIVENA;GETTUWANA ROAD, KURUNEGALA.;KURUNEGALA;18;NORTH WESTERN;KURUNEGALA;KURUNEGALA;MAHA
0;18223;KU/ SIRI SANGARAJA MAHA PIRIVENA;VEHERA,KURUNEGALA.;KURUNEGALA;18;NORTH WESTERN;KURUNEGALA;KURUNEGALA;MAHA
418009;18224;KU/ SRI VIDYATHILAKA MAHA PIRIVENA;WEKANDA,WA UDA.;KURUNEGALA;18;NORTH WESTERN;KURUNEGALA;MAWATHAGAMA;MAHA
418017;18225;KU/ SRI DHARMALOKA MAHA PIRIVENA;HINDAGOLLA, KURUNEGALA.;KURUNEGALA;18;NORTH WESTERN;KURUNEGALA;MAWATHAGAMA;MAHA
418033;18226;KU/ SRI DHARMAVIJAYA MAHA PIRIVENA;KANDY ROAD, MILLAWA, KURUNEGALA.;KURUNEGALA;18;NORTH WESTERN;KURUNEGALA;MAWATHAGAMA;MAHA
418004;18227;KU/ SRI VIJAYANANDA MAHA PIRIVENA;COLOMBO ROAD, POLGAHAWELA.;KURUNEGALA;18;NORTH WESTERN;KURUNEGALA;POLGAHAWELA;MAHA
418005;18228;KU/ CHANDASELA MAHA PIRIVENA;POTHUHERA.;KURUNEGALA;18;NORTH WESTERN;KURUNEGALA;POLGAHAWELA;MAHA
418014;18229;KU/ VIDYARTHODAYA MAHA PIRIVENA;WEHERAPITIYA, POLGAHAWELA.;KURUNEGALA;18;NORTH WESTERN;KURUNEGALA;POLGAHAWELA;MAHA
418035;18230;KU/ MAHADEVA MAHA PIRIVENA;UDAPOLA, POLGAHAWELA.;KURUNEGALA;18;NORTH WESTERN;KURUNEGALA;POLGAHAWELA;MAHA
418036;18231;KU/ SRI DHAMMAPALA MAHA PIRIVENA;BULPITIYA, UHUMEEYA.;KURUNEGALA;18;NORTH WESTERN;KURUNEGALA;POLGAHAWELA;MAHA
418063;18232;NIKA/ SRI SEELARATHANA MAHA PIRIVENA;PERAKUMPURA, SOLEPURA.;KURUNEGALA;18;NORTH WESTERN;MAHO;GIRIBAWA;MAHA
418059;18233;NIKA/ SRI DEEPALOKA MAHA PIRIVENA;DIMBULGIRI RAJA MAHA VIHARAYA, BALALLA, MAHAWA.;KURUNEGALA;18;NORTH WESTERN;MAHO;MAHO;MAHA
418071;18234;NIKA/ SRI INDASUMANA MAHA PIRIVENA;NAGOLLAGAMA RD, UDUGAMA, MAHO.;KURUNEGALA;18;NORTH WESTERN;MAHO;MAHO;MAHA
418055;18235;NIKA/ SRI JAYANTHI MAHA PIRIVENA;MADHAPOLA;KURUNEGALA;18;NORTH WESTERN;MAHO;POLPITHIGAMA;MAHA
418056;18236;NIKA/ SRI WISHWAKEERTHI MAHA PIRIVENA;BUDU MUTHTHAWA RAJA MAHA VIHARAYA, NIKAWERATIYA.;KURUNEGALA;18;NORTH WESTERN;NIKAWERATIYA;NIKAWERATIYA;MAHA
418016;18237;NIKA/ RATHANASELA MAHA PIRIVENA;WEEGAMA, RATHMALE ,EETHANAWATHTHA;KURUNEGALA;18;NORTH WESTERN;NIKAWERATIYA;WARIYAPOLA;MAHA
418037;18238;NIKA/ SRI WARIYAPOLA SRI SUMANGALA MAHA PIRIVENA;RAJAMAHA VIHARAYA, WARIYAPOLA.;KURUNEGALA;18;NORTH WESTERN;NIKAWERATIYA;WARIYAPOLA;MAHA
418501;18401;KURU/SIRI SANGAMITH SEELAMATHA EDUCATION INSTITUTE;SIRI SANGAMITH ARANA, KUDA GALGAMUWA,;KURUNEGALA;18;NORTH WESTERN;NIKAWERATIYA;NIKAWERATIYA;
419012;19101;HALA/ SRI SADDHANANDA MULIKA PIRIVENA;SRI RATHNAGIRI RAJAMAHA VIHARAYA, NALLANDARANKATTUWA, CHILAW.;PUTTALAM;19;NORTH WESTERN;CHILAW;ARACHCHIKATTUWA;MULIKA
419009;19102;HALA/ SRI SARANANDA MULIKA PIRIVENA;KARAVITAGARA, CHILAW.;PUTTALAM;19;NORTH WESTERN;CHILAW;CHILAW;MULIKA
419004;19103;HALA/ VIDYA PRABASA MULIKA PIRIVENA;PALUVELGALA, IHALA KOTTARAMULLA.;PUTTALAM;19;NORTH WESTERN;CHILAW;NATHTHANDIYA;MULIKA
419006;19104;HALA/ SRI SUMANARAMA MULIKA PIRIVENA;DUMMALADENIYA, VENNAPPUWA.;PUTTALAM;19;NORTH WESTERN;CHILAW;WENNAPPUWA;MULIKA
419011;19105;PUTH/ SRI SARANANKARA MULIKA PIRIVENA;WADATTA, KOTTUKACHCHIYA, ANAMADUWA.;PUTTALAM;19;NORTH WESTERN;PUTTALAM;ANAMADUWA;MULIKA
0;19106;PUTH/ SRI ANTHAR SAMUDDHA MULIKA PIRIVENA;KALPITIYA RD, DALUWA, MAMPURIYA, CHILAW.;PUTTALAM;19;NORTH WESTERN;PUTTALAM;KALPITIYA;MULIKA
419014;19107;PUTH/ SRI GNANODHAYA MULIKA PIRIVENA;KIULA NO.4, KOTTUKACHCHIYA, PUTTALAMA.;PUTTALAM;19;NORTH WESTERN;PUTTALAM;PALLAMA;MULIKA
419013;19108;PUTH/ PRAVACHANAKARA MULIKA PIRIVENA;WEHERAGALA RAJAMAHA VIHARAYA, IHALA PULIYANKULAMA.;PUTTALAM;19;NORTH WESTERN;PUTTALAM;PUTTALAM NORTH;MULIKA
419007;19201;HALA/ THUMULASOMA MAHA PIRIVENA;SRI PUSHPARAMAYA,MUNNESSARAMA, CHILAW.;PUTTALAM;19;NORTH WESTERN;CHILAW;CHILAW;MAHA
419008;19202;HALA/ PARAMADHAMMA MAHA PIRIVENA;COLOMBO RD, CHILAW.;PUTTALAM;19;NORTH WESTERN;CHILAW;CHILAW;MAHA
419010;19203;SRI RATHNASIRI MAHA PIRIVENA;KEBELLEWA;PUTTALAM;19;NORTH WESTERN;CHILAW;CHILAW;MAHA
419002;19204;HALA/ SRI GNANODAYA MAHA PIRIVENA;HALPANVILA, MARAVILA.;PUTTALAM;19;NORTH WESTERN;CHILAW;NATHTHANDIYA;MAHA
419003;19205;HALA/ VIDYARATHNA MAHA PIRIVENA;VEERAHENA, NATHTHANDIYA.;PUTTALAM;19;NORTH WESTERN;CHILAW;NATHTHANDIYA;MAHA
419001;19206;HALA/ VIDYABANDU MAHA PIRIVENA;KIRIMETIYANA, LUNUVILA.;PUTTALAM;19;NORTH WESTERN;CHILAW;WENNAPPUWA;MAHA
420023;20101;ANU/ SIRI SUMANA TRIPITAKA DHARMAYATHANA MULIKA PIRIVENA;PUTHTHALAM ROAD, ULUKKULAMA, MAHABULANKULAMA, ANURADHAPURA.;ANURADHAPURA;20;NORTH CENTRAL;ANURADHAPURA;ANURADHAPURA;MULIKA
420036;20102;ANU/ SRI MAHA MAHINDA MULIKA PIRIVENA;POOJA NAGARAYA, MIHINTHALA RD, ANURADHAPURAYA.;ANURADHAPURA;20;NORTH CENTRAL;ANURADHAPURA;ANURADHAPURA;MULIKA
420038;20103;ANU/ THRIPITAKA DHARMAYATHANA VIDARSHANA MULIKA PIRIVENA;NELLIKULAMA, ELAYAPATTUWA.;ANURADHAPURA;20;NORTH CENTRAL;ANURADHAPURA;ANURADHAPURA;MULIKA
420049;20104;ANU/ SRI SADDHARANSI DHARMAYATHANA WIDARSHANA MULIKA PIRIVENA;MANNARAM HANDIYA, PEMADUWA, ANURADHAPURA.;ANURADHAPURA;20;NORTH CENTRAL;ANURADHAPURA;ANURADHAPURA;MULIKA
420028;20105;ANU/ SRI SUMANGALA MULIKA PIRIVENA,;PURANA RAJA MAHA VIHARAYA, PEMADUWA.;ANURADHAPURA;20;NORTH CENTRAL;ANURADHAPURA;MAHAWILACHCHIYA;MULIKA
420031;20106;ANU/ SIRI RATHANAPALA MULIKA PIRIVENA;HALMILLAGALA, NOCHCHIYAGAMA.;ANURADHAPURA;20;NORTH CENTRAL;ANURADHAPURA;NOCHCHIYAGAMA;MULIKA
420024;20107;ANU/ SRI SARADHA MULIKA PIRIVENA;PURANA RAJAMAHA VIHARAYA, MATHKADAWALA, SALIYAPURA.;ANURADHAPURA;20;NORTH CENTRAL;ANURADHAPURA;NUWARAGAM PALATHA(CENTRAL);MULIKA
420027;20108;ANU/ NIWANTHACHETHIYA MULIKA PIRIVENA;NUWARA WEWA, ANURADHAPURA.;ANURADHAPURA;20;NORTH CENTRAL;ANURADHAPURA;NUWARAGAM PALATHA(EAST);MULIKA
420025;20109;ANU/ SIRI MAHINDODAYA MULIKA PIRIVENA;BOGASWEWA TEMPLE, WAHAMALGOLLEWA;ANURADHAPURA;20;NORTH CENTRAL;ANURADHAPURA;RAMBEWA;MULIKA
420050;20110;ANU/ SRI GNANARATHANA MULIKA PIRIVENA;SRI VIJAYAWARDHANARAMAYA, HURULUNIKAWEWA, GALENBIDUNUWEWA.;ANURADHAPURA;20;NORTH CENTRAL;GALENBIDUNUWEWA;GALENBIDUNUWEWA;MULIKA
420014;20111;ANU/ SRI SUNANDA MULIKA PIRIVENA;ALUTHDIULWEWA,GETALAWA.;ANURADHAPURA;20;NORTH CENTRAL;GALENBINDUNUWEWA;GALENBINDUNUWEWA;MULIKA
420015;20112;ANU/ SRI BODHIRAJA MULIKA PIRIVENA;HURULU NIKAWEWA,GALENBINDUNUWEWA.;ANURADHAPURA;20;NORTH CENTRAL;GALENBINDUNUWEWA;GALENBINDUNUWEWA;MULIKA
420041;20113;ANU/ SRI GNANISSARA MULIKA PIRIVENA;PALUGOLLAGAMA, MEGODA WEWA.;ANURADHAPURA;20;NORTH CENTRAL;GALENBINDUNUWEWA;GALENBINDUNUWEWA;MULIKA
420048;20114;ANU/ SRI WIDUMINA MULIKA PIRIVENA;SRI MAHANAGA RAJAMAHA VIHARAYA, PANDARELLEWA, MAHAPOTHANA.;ANURADHAPURA;20;NORTH CENTRAL;GALENBIDUNUWEWA;KAHATAGASDIGILIYA;MULIKA
420047;20115;ANU/ SRI PRAGNA PRADEEPA MULIKA PIRIVENA;PAHALA KUDAPATTIYA, KAHATAGASDIGILIYA.;ANURADHAPURA;20;NORTH CENTRAL;GALENBIDUNUWEWA;KAHATAGASDIGILIYA;MULIKA
420013;20116;ANU/ SIRI SUMANGALA DARMAYATHANA MULIKA PIRIVENA;KURUNDAKULAMA,ANURADHAPURA.;ANURADHAPURA;20;NORTH CENTRAL;GALENBINDUNUWEWA;MIHINTHALE;MULIKA
420019;20117;ANU/ SIRISULUGAL DAMBULU VIHARA MULIKA PIRIVENA;VIHARAHALMILLEWA,KEBITHIGOLLEWA.;ANURADHAPURA;20;NORTH CENTRAL;KEBITHIGOLLEWA;KEBITHIGOLLEWA;MULIKA
420022;20118;ANU/ SIRI SUMANASARA MULIKA PIRIVENA;MEDAWACHCHIYA.;ANURADHAPURA;20;NORTH CENTRAL;KEBITHIGOLLEWA;MEDAWCHCHIYA;MULIKA
0;20119;ANU/ SRI KEMANANDA MULIKA PIRIVENA;KOONKETIYAWA, BOOGAHAWEWA.;ANURADHAPURA;20;NORTH CENTRAL;KEBITHIGOLLEWA;PADAVIYA;MULIKA
420007;20120;ANU/ SIRI GUNARATHANA MULIKA PIRIVENA;KINIHIRIKANDA RAJAMAHA VIHARAYA,KEKIRAWA.;ANURADHAPURA;20;NORTH CENTRAL;KEKIRAWA;KEKIRAWA;MULIKA
420046;20121;ANU/ SRI SIDDHARTHA MULIKA PIRIVENA;WERAGALA PURANA VIHARAYA, HEWENTHENNEGAMA,DUNUMADALAWA,MADATUGAMA.;ANURADHAPURA;20;NORTH CENTRAL;KEKIRAWA;KEKIRAWA;MULIKA
420044;20122;ANU/ SRI DEWATHISSA MULIKA PIRIVENA;DEHIPPAWA, DAMULHALMILLEWA, KEKIRAWA.;ANURADHAPURA;20;NORTH CENTRAL;KEKIRAWA;PALAGALA;MULIKA
420026;20123;ANU/ MAHA MAHINDA MULIKA PIRIVENA;PURANA TEMPITA RAJAMAHA VIHARAYA, ANURADHAPURA RD,HABARANA;ANURADHAPURA;20;NORTH CENTRAL;KEKIRAWA;PALUGASWEWA;MULIKA
420037;20124;ANU/ SRI INDRAGUPTHA MULIKA PIRIVENA;PAHALA AMBATHALE, MARADANKADAWALA.;ANURADHAPURA;20;NORTH CENTRAL;KEKIRAWA;THIRAPPANE;MULIKA
420029;20125;ANU/ SRI VIDYAJOTHI MULIKA PIRIVENA,;RAJANGANAYA, YAYA-06, ANGAMUWA.;ANURADHAPURA;20;NORTH CENTRAL;THAMBUTTEGAMA;RAJANGANAYA;MULIKA
420035;20126;ANU/ SRI NALANDA MULIKA PIRIVENA;RAJANGANAYA, THAMBUTHTHEGAMA.;ANURADHAPURA;20;NORTH CENTRAL;THAMBUTTEGAMA;RAJANGANAYA;MULIKA
420010;20127;ANU/ SRI GANGARAMA MULIKA PIRIVENA;HIRIPITIYAWA,GALNEWA.;ANURADHAPURA;20;NORTH CENTRAL;THAMBUTTEGAMA;GALNEWA;MULIKA
420018;20201;ANU/ SRI BARATHEENDRA MAHA PIRIVENA;DARMAPALA MAWATHA, ANURADHAPURAYA.;ANURADHAPURA;20;NORTH CENTRAL;ANURADHAPURA;ANURADHAPURA;MAHA
420002;20202;ANU/ VEERAKKODI MAHA PIRIVENA;NUWARA WEWA,MIHINTHALAPARA,ANURADHAPURA;ANURADHAPURA;20;NORTH CENTRAL;ANURADHAPURA;ANURADHAPURA;MAHA
420006;20203;ANU/ SRI SARANANDA MAHA PIRIVENA;OLD TOWN,ANURADHAPURA.;ANURADHAPURA;20;NORTH CENTRAL;ANURADHAPURA;ANURADHAPURA;MAHA
420008;20204;ANU/ MAHAVIHARAYA MAHA PIRIVENA;RUWANWELISEYA,ANURADHAPURA.;ANURADHAPURA;20;NORTH CENTRAL;ANURADHAPURA (M.N.P);ANURADHAPURA;MAHA
420009;20205;ANU/ SIRI VIJAYA VIDASHANA MAHA PIRIVENA;VIJAYAPURA,ANURADHAPURA.;ANURADHAPURA;20;NORTH CENTRAL;ANURADHAPURA;NUWARAGAM PALATHA (EAST);MAHA
420004;20206;ANU/ SRI VIDYARATHNA MAHA PIRIVENA;DUTUWEWA,GALENBINDUNUWEWA.;ANURADHAPURA;20;NORTH CENTRAL;GALENBINDUNUWEWA;GALENBINDUNUWEWA;MAHA
420042;20207;ANU/ SRI SARANANDA MAHA PIRIVENA;NUWARA ELIKOLANIYA, PADIKARAMADUWA, GALENBIDUNA WEWA.;ANURADHAPURA;20;NORTH CENTRAL;GALENBINDUNUWEWA;GALENBINDUNUWEWA;MAHA
420032;20208;ANU/ SRI SIDDHARTHODAYA MAHA PIRIVENA.;WAWNIYAWA PARA, HOROWPOTHANA.;ANURADHAPURA;20;NORTH CENTRAL;KEBITHIGOLLEWA;HOROWPATHANA;MAHA
420001;20209;ANU/ SRI VIDYADARA MAHA PIRIVENA;KALAKARABEWA.;ANURADHAPURA;20;NORTH CENTRAL;KEKIRAWA;IPALOGAMA;MAHA
420005;20210;ANU/ SRI MEGAWARNABAYA MAHA PIRIVENA;MEEWEWA,PALAGALA.;ANURADHAPURA;20;NORTH CENTRAL;KEKIRAWA;PALAGALA;MAHA
420045;20211;ANU/ SRI SADANANDA MAHA PIRIVENA;PERIYAKULAMA, MARADANKADAWALA.;ANURADHAPURA;20;NORTH CENTRAL;KEKIRAWA;THIRAPPANE;MAHA
420011;20212;ANU/ SRI GNANODAYA MAHA PIRIVENA;SRI WACHISSARA NAHIMI MW,THAMMENNAWA,THALAWA.;ANURADHAPURA;20;NORTH CENTRAL;THAMBUTTEGAMA;THAMBUTTEGAMA;MAHA
420012;20213;ANU SRI SUDARSHANA MAHA PIRIVENA;RAJANGANAYA-YAYA 08,ANGAMUWA.;ANURADHAPURA;20;NORTH CENTRAL;THAMBUTTEGAMA;RAJANGANAYA;MAHA
420020;20214;ANU/ SRI JINODAYA MAHA PIRIVENA;PALUGASWEWA, EPPAWALA.;ANURADHAPURA;20;NORTH CENTRAL;THAMBUTTEGAMA;THALAWA;MAHA
420039;20215;ANU/ SRI ANANGNODAYA MAHA PIRIVENA;KELESIYABALAWA, EPPAWALA.;ANURADHAPURA;20;NORTH CENTRAL;THAMBUTTEGAMA;THALAWA;MAHA
420501;20401;ANU/ DAHMMAVINITHA MEHENI EDUCATION CENTER;KADIRAGAMA, MARADANKADAWALA.;ANURADHAPURA;20;NORTH CENTRAL;KEKIRAWA;KEKIRAWA;SEELAMATHA
421014;21101;PO/ SARANANDA MULIKA PIRIVENA;PIHITIWEWA, NUWARAGALA, POLONNARUWA.;POLONNARUWA;21;NORTH CENTRAL;DIMBULAGALA;DIMBULAGALA;MULIKA
421016;21102;PO/ SAGARAMATHI MULIKA PIRIVENA;DHANANJAYA RAJAMAHA VIHARAYA, KANDEGAMA, DAMMINNA, POLONNARUWA.;POLONNARUWA;21;NORTH CENTRAL;DIMBULAGALA;ARALAGANVILA;MULIKA
421007;21103;PO/ PRABHASHWARA BUDDAGAYA MULIKA PIRIVENA;YAYA 14, KOTTAPITIYA.;POLONNARUWA;21;NORTH CENTRAL;HINGURAKGODA;ELAHERA;MULIKA
421011;21104;PO/ MIHIDU JAYANTHI MULIKA PIRIVENA;YAYA 29, ATHTHANAKADAWALA.;POLONNARUWA;21;NORTH CENTRAL;HINGURAKGODA;ELAHERA;MULIKA
421006;21105;PO/ SRI KASHYAPA MULIKA PIRIVENA;HINGURAKDAMANA, HINGURKGODA.;POLONNARUWA;21;NORTH CENTRAL;HINGURAKGODA;HINGURAKGODA;MULIKA
421012;21106;PO/ SARASWATHI DEVI MULIKA PIRIVENA;ASHOKARAMAYA, NEWTOWN, MADIRIGIRIYA.;POLONNARUWA;21;NORTH CENTRAL;HINGURAKGODA;HINGURAKGODA;MULIKA
0;21107;PO/ SRI ANANDA VIDYA NIKETHANA MULIKA PIRIVENA;YAYA 08, MAHATHALAKOLAWEWA, MEDIRIGIRIYA.;POLONNARUWA;21;NORTH CENTRAL;HINGURAKGODA;MEDIRIGIRIYA;MULIKA
421015;21108;PO/ SRI MIHINDU DARMAYATHANA MULIKA PIRIVENA;24 KANUWA, BADIWEWA, JAYANTHIPURA.;POLONNARUWA;21;NORTH CENTRAL;POLONNARUWA;POLONNARUWA;MULIKA
421002;21201;PO/ SRI MAHA KASHSHPA MAHA PIRIVENA;DIMBULAGALA,POLONNARUWA.;POLONNARUWA;21;NORTH CENTRAL;DIMBULAGALA;DIMBULAGALA;MAHA
421010;21202;PO/ VIDUMINA MAHA PIRIVENA;ARALAGANWILA, POLONNARUWA.;POLONNARUWA;21;NORTH CENTRAL;DIMBULAGALA;ARALAGANWILA;MAHA
421004;21203;PO/ JAYAMAGA MAHA PIRIVENA;SRI SENANAYAKARAMAYA, HINGURAKGODA.;POLONNARUWA;21;NORTH CENTRAL;HINGURAKGODA;HINGURAKGODA;MAHA
421008;21204;PO/ SRI DARMARAJA MAHA PIRIVENA;DIVULANKADAWALA, MADIRIGIRIYA.;POLONNARUWA;21;NORTH CENTRAL;HINGURAKGODA;MEDIRIGIRIYA;MAHA
421001;21205;PO/ SIRI PERAKUMBA MAHA PIRIVENA;B.O.P 400, PULASTHIGAMA, POLONNARUWA.;POLONNARUWA;21;NORTH CENTRAL;POLONNARUWA;LANKAPURA;MAHA
421003;21206;PO/ SRI VIDYASARA MAHA PIRIVENA;PALUGASDAMANA, POLONNARUWA.;POLONNARUWA;21;NORTH CENTRAL;POLONNARUWA;POLONNARUWA;MAHA
421005;21207;PO/ SIRI VIJAYABA MAHA PIRIVENA;ISIPATHANA RD, HOSPITAL JANTION, POLONNARUWA.;POLONNARUWA;21;NORTH CENTRAL;POLONNARUWA;THAMANKADUWA;MAHA
422013;22101;B/ VIDYOTHTHANSA MULIKA PIRIVENA;VIHARAGODA, BADULLA.;BADULLA;22;UVA;BADULLA;BADULLA;MULIKA
0;22102;B/ SRI THRIPITAKODAYA MULIKA PIRIVENA;VARAKADANDA, PATTIYAGEDARA.;BADULLA;22;UVA;BADULLA;HALIELA;MULIKA
422035;22103;B/ SIRI SADDHARMODAYA MULIKA PIRIVENA;THAPOWANA DHARMAYATHANAYA, MAHAWATHTHEGAMA, BADULLA.;BADULLA;22;UVA;BADULLA;HALIELA;MULIKA
422042;22104;B/ SRI KASHYAPA MULIKA PIRIVENA;EGODAWELA, KUDUMANUWELA, PATTIYAGEDARA.;BADULLA;22;UVA;BADULLA;HALIELA;MULIKA
422020;22105;B/ MAHINDARAMA MULIKA PIRIVENA;ALUTHWELAGAMA, BADULLA.;BADULLA;22;UVA;BADULLA;HALIELA;MULIKA
422033;22106;B/ SRI SARASWATHI MULIKA PIRIVENA;BEDDEWELA, GAWARAWELA, DEMODARA.;BADULLA;22;UVA;BANDARAWELA;ELLA;MULIKA
422036;22107;B/ SRI RATHANAJOTHI MULIKA PIRIVENA;NIKAPOTHA, HAPUTHALE.;BADULLA;22;UVA;BANDARAWELA;HALDUMULLA;MULIKA
422045;22108;B/ DHAMMAWIJAYA MULIKA PIRIVENA;SRI BUDDHASRAWAKA VIHARAYA, ELUKPALASSA, HALTHOTA, .;BADULLA;22;UVA;BANDARAWELA;HALDUMULLA;MULIKA
422023;22109;B/ KANDURUGODA SRI ATHTHADASSI MULIKA PIRIVENA;KADURUGODA VIHARAYA, VIHARAKELE, DIYATALAWA.;BADULLA;22;UVA;BANDARAWELA;HAPUTHALE;MULIKA
422026;22110;B/ SRI DHAMMANANDA MULIKA PIRIVENA;SRI BODHIRAJARAMAYA, YAHALABEDDA, HAPUTALE.;BADULLA;22;UVA;BANDARAWELA;HAPUTHALE;MULIKA
422031;22111;B/ SRI SANGARAJA MULIKA PIRIVENA;SRI SUDHARSHANARAMAYA, KAHATHTHEWELA, BANDARAWELA.;BADULLA;22;UVA;BANDARAWELA;HAPUTHALE;MULIKA
422018;22112;B/ SRI GNANA PRADEEPA MULIKA PIRIVENA;MAWARAGALA, DAMBANA, MAHIYANGANAYA.;BADULLA;22;UVA;MAHIYANGANAYA;MAHIYANGANAYA;MULIKA
422043;22113;B/ SRI SOBHITHA DHARMAYATHANA MULIKA PIRIVENA;SRI SUDHARSHANARAMAYA, MAPAKADAWEWA, MAHIYANGANAYA.;BADULLA;22;UVA;MAHIYANGANAYA;MAHIYANGANAYA;MULIKA
422027;22114;B/ SUDHARSHANA ARANYA SENASANA MULIKA PIRIVENA;PAHALA OYAGAMA, URANIYA.;BADULLA;22;UVA;MAHIYANGANAYA;REDEEMALIYADDA;MULIKA
0;22115;B/ SRI PRAGNADEEPANI MULIKA PIRIVENA;KESELPOTHA, MAPAKADA WEWA.;BADULLA;22;UVA;MAHIYANGANAYA;RIDIMALIYEDDA;MULIKA
422024;22116;B/ VIDYALOKA MULIKA PIRIVENA;THOLABOWATTA, GAMEWELA, PASSARA.;BADULLA;22;UVA;PASSARA;PASSARA;MULIKA
422037;22117;B/ SRI SARANANDA MULIKA PIRIVENA;MILLABEDDA, HOPTEN.;BADULLA;22;UVA;PASSARA;PASSARA;MULIKA
422044;22118;B/ SRI UPANANDA MULIKA PIRIVENA;SRI UTTARARAMAYA, KOTUWAWATTA, PASSARA.;BADULLA;22;UVA;PASSARA;PASSARA;MULIKA
422014;22119;B/ SIRI PIYARATHANA MULIKA PIRIVENA;SAPUGOLLA, UVA PARANAGAMA.;BADULLA;22;UVA;WELIMADA;UVA PARANAGAMA;MULIKA
422039;22120;B/ SRI DHAMMISSARA MULIKA PIRIVENA;SRI PRIYADHARSHANARAMAYA, DIMBULANA.;BADULLA;22;UVA;WELIMADA;UVA PARANAGAMA;MULIKA
422010;22121;B/ SRI VIDYABHUSHANA MULIKA PIRIVENA;DIKKAPITIYA, WELIMADA.;BADULLA;22;UVA;WELIMADA;WELIMADA;MULIKA
0;22122;B/ SRI VIDYANANDA MULIKA PIRIVENA;SRI SUBADRARAMAYA, VANGIYAKUMBURA, BORALANDA.;BADULLA;22;UVA;WELIMADA;WELIMADA;MULIKA
422041;22123;B/ SRI RATHNALOKA MULIKA PIRIVENA;THALAKUMBURA, GALAUDA, HELIELA.;BADULLA;22;UVA;WIYALUWA;KANDAKETIYA;MULIKA
422012;22124;B/ SRI DHARMALOKA MULIKA PIRIVENA;KIRIWEHERA, KANDAKETIYA, BADULLA.;BADULLA;22;UVA;WIYALUWA;KANDAKETIYA;MULIKA
422028;22125;B/ SRI CHANDANANDA MULIKA PIRIVENA;BADULUOYA, BADULLA.;BADULLA;22;UVA;WIYALUWA;KANDAKETIYA;MULIKA
422019;22126;B/ SRI SARANAPALA MULIKA PIRIVENA;MEEGAHAKIVULA, BADULLA.;BADULLA;22;UVA;WIYALUWA;MEEGAHAKIVULA;MULIKA
422029;22127;B/ SRI DHARMALANKARA MULIKA PIRIVENA;WELIHINDA VIHARAYA, SORANATOTA, BADULLA.;BADULLA;22;UVA;WIYALUWA;SORANATOTA;MULIKA
422003;22201;B/ SRI SUDHARMAWASA MAHA PIRIVENA;UDUWARA, HALIELA.;BADULLA;22;UVA;BADULLA;HALIELA;MAHA
422017;22202;B/ SRI VIDYASAGARA MAHA PIRIVENA;LUNUGALLA, NARANGALA, HALIELA.;BADULLA;22;UVA;BADULLA;HALIELA;MAHA
422004;22203;B/ SRI SADDHARMANANDA MAHA PIRIVENA;KAILAGODA, BADULLA.;BADULLA;22;UVA;BADULLA;BADULLA;MAHA
422009;22204;B/ SUDHARMODAYA MAHA PIRIVENA;KEBELLEWELA SOUTH, BANDARAWELA.;BADULLA;22;UVA;BANDARAWELA;BANDARAWELA;MAHA
422011;22205;B/ DHARMAVIJAYA MAHA PIRIVENA;DHARMAVIJAYA ROAD, SRI PUSHPARAMAYA, BANDARAWELA.;BADULLA;22;UVA;BANDARAWELA;BANDARAWELA;MAHA
0;22206;B/ SRI DHARMODAYA MAHA PIRIVENA;BUDDHIST CENTRE, GILADURUKOTTE.;BADULLA;22;UVA;MAHIYANGANAYA;MAHIYANGANAYA;MAHA
422038;22207;B/ SRI SAMBODHI MAHA PIRIVENA;SRI ASHOKARAMAYA, SORABORA, MAHIYANGANAYA.;BADULLA;22;UVA;MAHIYANGANAYA;MAHIYANGANAYA;MAHA
422005;22208;B/ DHRMAMANIKETHANA MAHA PIRIVENA;GALAUDA, HALIELA.;BADULLA;22;UVA;VIYALUWA;KANDAKETIYA;MAHA
422007;22209;B/ SRI SOMANANDA MAHA PIRIVENA;PALUGAMA, KEPPETIPOLA.;BADULLA;22;UVA;WELIMADA;WELIMADA;MAHA
422008;22210;B/ VIDYAPRADEEPA MAHA PIRIVENA;PANNALAWELA, LUNUWATTA.;BADULLA;22;UVA;WELIMADA;UVA PARANAGAMA;MAHA
422015;22211;B/ SRI RATANAJOTHI MAHA PIRIVENA;KATUGALLA, AMBAGASDOWA.;BADULLA;22;UVA;WELIMADA;UVA PARANAGAMA;MAHA
0;22401;B/ SUSIKSHA SEELAMATHA EDUCATION INSTITUTE;ADAULPATHALA URANIYA MAHIYANGANAYA;BADULLA;22;UVA;;;SEELAMATHA
423007;23101;MO/ SRI VIDYANANDA MULIKA PIRIVENA;YALKUMBURA, BIBILA.;MONARAGALA;23;UVA;BIBILA;BIBILA;MULIKA
0;23102;MO/ SRI SANGAKIIRTHI MULIKA PIRIVENA;KOKUNNEWA, PITAKUMBURA, BIBILA.;MONARAGALA;23;UVA;BIBILA;BIBILA;MULIKA
423025;23103;MO/ VIJAYAMUNI DIVI BASHA MULIKA PIRIVENA;SAMADHI NIKETHANAYA, DIYAKOBALA,BIBILA.;MONARAGALA;23;UVA;BIBILA;BIBILA;MULIKA
423004;23104;MO/ VIDYARAJA MULIKA PIRIVENA;SRI PAGGAWANSA MAWATHA,IGINIYAGALA.;MONARAGALA;23;UVA;BIBILA;MADULLA;MULIKA
0;23105;MO/ MULGIRI MULIKA PIRIVENA;MULLEGAMA, NELLIYADDA, IGINIYAGALA.;MONARAGALA;23;UVA;BIBILA;MADULLA;MULIKA
423020;23106;MO/ SRI SARIPUTTA MULIKA PIRIVENA;TIBIRIYA,MADAGAMA.;MONARAGALA;23;UVA;BIBILA;MEDAGAMA;MULIKA
423023;23107;MO/ SIRI PUNNANANDA MULIKA PIRIVENA;AMPARA HANDIYA, SIYAMBALANDUWA.;MONARAGALA;23;UVA;MONARAGALA;DOMBAGAHAWELA;MULIKA
423012;23108;MO/ SHIKSHAKARA MULIKA PIRIVENA;BUKKIRIYAGOLLA, MONARAGALA.;MONARAGALA;23;UVA;MONARAGALA;MONARAGALA;MULIKA
423021;23109;MO/ SIRI DAMMATHILAKA MULIKA PIRIVENA;POKUNUGALA PURANA VIHARAYA,PALARUWA,MONARAGALA.;MONARAGALA;23;UVA;MONARAGALA;MONARAGALA;MULIKA
423016;23110;MO/ SRI MANABHARANA MULIKA PIRIVENA;MANABARANA RAJA MAHA VIHARAYA, SIYABALANDUWA.;MONARAGALA;23;UVA;MONARAGALA;SIYAMBALANDUWA;MULIKA
423014;23111;MO/ SRI SADDASOMA MULIKA PIRIVENA;NANDAPARA, KATARAGAMA.;MONARAGALA;23;UVA;TANAMALWILA;TANAMALWILA;MULIKA
423015;23112;MO/ VIDYALOKA MULIKA PIRIVENA;ALUTHGODA, TANAMALVILA.;MONARAGALA;23;UVA;TANAMALWILA;TANAMALWILA;MULIKA
423017;23113;MO/ SRI DHARMANIKETHANA MULIKA PIRIVENA;SELLAKATARAGAMA, KATARAGAMA.;MONARAGALA;23;UVA;TANAMALWILA;TANAMALWILA;MULIKA
423024;23114;MO/ SRI GNANALOKA MULIKA PIRIVENA;MAHAGAMA JANAPADAYA,SEWANAGALA.;MONARAGALA;23;UVA;TANAMALWILA;TANAMALWILA;MULIKA
423028;23115;MO/ SRI BODHILANKARA MULIKA PIRIVENA;KANDASURINDUGAMA, RAJAMAWATA, KATHARAGAMA.;MONARAGALA;23;UVA;TANAMALWILA;TANAMALWILA;MULIKA
0;23116;MO/ MULAMAHA VIHARA MULIKA PIRIVENA;HAMBEGAMUWA, TANAMALWILA.;MONARAGALA;23;UVA;TANAMALWILA;TANAMALWILA;MULIKA
0;23117;MO/ SRI SUGATHAWANSHA MULIKA PIRIWENA;SRI KAVANTHISSA RAJAMAHA VIHARAYA, THUNKEMAGALA, SEWANAGALA.;MONARAGALA;23;UVA;TANAMALWILA;TANAMALWILA;MULIKA
423008;23118;MO/ SRI SUDHARMODAYA MULIKA PIRIVENA;UNAWATUNA RAJA MAHA VIHARAYA, UNAWATUNA, BUTTALA.;MONARAGALA;23;UVA;WELLAWAYA;BUTHTHALA;MULIKA
423009;23119;MO/ DUTUGAMUNU MULIKA PIRIVENA;SITTARAMA, BERALIHELA;MONARAGALA;23;UVA;WELLAWAYA;TANAMALWILA;MULIKA
423005;23120;MO/ SRI DHARMODAYA MULIKA PIRIVENA;KINKINI RAJAMAHA VIHARAYA, WALLAWAYA.;MONARAGALA;23;UVA;WELLAWAYA;WELLAWAYA;MULIKA
423003;23201;MO/ SRI WIJAYAWARDANA MAHA PIRIVENA.;TERELA, DABAGALLA, MONARAGALA.;MONARAGALA;23;UVA;BIBILA;MADULLA;MAHA
423011;23202;MO/ SIRISUMANA MAHA PIRIVENA;VIHARAMULLA, MONARAGALA.;MONARAGALA;23;UVA;MONARAGALA;MONARAGALA;MAHA
423010;23203;MO/ SRI SUDHARMANANDA MAHA PIRIVENA;GALLABA, BADALKUBURA.;MONARAGALA;23;UVA;MONARAGALA;BADALKUMBURA;MAHA
423002;23204;MO/ SRI GANGARAMA MAHA PIRIVENA;WEHERAYAYA, ATELIWEWA.;MONARAGALA;23;UVA;WELLAWAYA;WELLAWAYA;MAHA
423013;23205;BAUDDALOKA MAHA PIRIVENA;UNAWATUNA, BUTTALA.;MONARAGALA;23;UVA;WELLAWAYA;BUTHTHALA;MAHA
0;24101;R/ SRI RATHANAPALA MULIKA PIRIVENA;BULATHGAMA, BALANGODA.;RATNAPURA;24;SABARAGAMUWA;BALANGODA;BALANGODA;MULIKA
424039;24102;R/ SIRI SHANTHIDEWA VIDYANIKETHANA MULIKA PIRIVENA;VILLARA, WELIPATHAYAYA, BALANGODA.;RATNAPURA;24;SABARAGAMUWA;BALANGODA;BALANGODA;MULIKA
424025;24103;R/ SRI DHARMARAJA MULIKA PIRIVENA;NALUWELA, BALANGODA.;RATNAPURA;24;SABARAGAMUWA;BALANGODA;IMBULPE;MULIKA
424010;24104;R/ SRI INDRASABA MULIKA PIRIVENA;POLLAMURA, WALIGEPOLA, BALANGODA.;RATNAPURA;24;SABARAGAMUWA;BALANGODA;WELIGEPOLA;MULIKA
424033;24105;R/EMBI/SIRI GUNARATHANNA MULIKA PIRIVENA;BUDDHIST CENTER, UDAWALAWA.;RATNAPURA;24;SABARAGAMUWA;EMBILIPITIYA;EMBILIPITIYA;MULIKA
424034;24106;R/ SRI SUMATHISSA MULIKA PIRIVENA;PALLEGAMA, EMBILIPITIYA.;RATNAPURA;24;SABARAGAMUWA;EMBILIPITIYA;EMBILIPITIYA;MULIKA
424040;24107;R/ SIRIRATHANA MULIKA PIRIVENA;KUMBUGODA ARA, EMBILIPITIYA.;RATNAPURA;24;SABARAGAMUWA;EMBILIPITIYA;EMBILIPITIYA;MULIKA
424005;24108;R/PANNALOKA DHARMAYATHANA DVIBHASHA MULIKA PIRIVENA;THUNKAMA, EMBILIPITIYA;RATNAPURA;25;SABARAGAMUWA;EMBILIPITIYA;EMBILIPITIYA;MULIKA
424021;24109;R/ SRI DAMRAJA MULIKA PIRIVENA;KOSNATHOTA, GODAKAWELA.;RATNAPURA;24;SABARAGAMUWA;EMBILIPITIYA;GODAKAWELA;MULIKA
424041;24110;R/EMBI SRI ROHANA WANAWASA MULIKA PIRIVENA;KADAMUDUNA, BULUTHOTA.;RATNAPURA;24;SABARAGAMUWA;EMBILIPITIYA;GODAKAWELA;MULIKA
424015;24111;R/ SRI HEMAGIRI MULIKA PIRIVENA;KALUGALA, VIJERIYA.;RATNAPURA;24;SABARAGAMUWA;EMBILIPITIYA;KOLONNA;MULIKA
0;24112;R/ SRI SUDARSHANA MAHA VIHARA MULIKA PIRIVENA;KEELLAGAMA, KOLLONNA.;RATNAPURA;24;SABARAGAMUWA;EMBILIPITIYA;KOLONNA;MULIKA
424036;24113;R/ SRI JAYASUMANA MULIKA PIRIVENA;DAPANE, OMALPE.;RATNAPURA;24;SABARAGAMUWA;EMBILIPITIYA;KOLONNA;MULIKA
424045;24114;R/ SRI SUNANDA MULIKA PIRIVENA;GAMIKKANDA, AYAGAMA.;RATNAPURA;24;SABARAGAMUWA;NIVITHIGALA;ANGODA;MULIKA
424012;24115;R/ SRI SIDDHARTHODAYA MULIKA PIRIVENA;GINIHIRIYA, KARANGODA, RATHNAPURA.;RATNAPURA;24;SABARAGAMUWA;NIVITHIGALA;ELAPATHA;MULIKA
424018;24116;R/ SRI GNANASEEHA MULIKA PIRIVENA;PALAWELLA, UDA-NIRIELLA, RATHNAPURA.;RATNAPURA;24;SABARAGAMUWA;NIVITHIGALA;ELAPATHA;MULIKA
424037;24117;R/ SRI RATHANAPALA DHARMAYATHANA MULIKA PIRIVENA;POTHUGAL RAJAMAHA VIHARAYA, KARANGODA, RATHNAPURA.;RATNAPURA;24;SABARAGAMUWA;NIVITHIGALA;ELAPATHA;MULIKA
424022;24118;R/ SRI VIJAYARAJA MULIKA PIRIVENA;VALLADURA, KAHAWATTA.;RATNAPURA;24;SABARAGAMUWA;NIVITHIGALA;KAHAWATTA;MULIKA
424028;24119;R/ SRUSHINIKETHANA MULIKA PIRIVENA;TEMPLE RD, KAHAWATTA.;RATNAPURA;24;SABARAGAMUWA;NIVITHIGALA;KAHAWATTA;MULIKA
424024;24120;R/ SRI SUDHARMARAMA MULIKA PIRIVENA;VADDAGALA, KALAWANA.;RATNAPURA;24;SABARAGAMUWA;NIVITHIGALA;KALAWANA;MULIKA
424050;24121;R/ SRI SUMANANANDA DWEEBHASHA MULIKA PIRIVENA;KUKULEGAMA, KALAWANA.;RATNAPURA;24;SABARAGAMUWA;NIVITHIGALA;KALAWANA;MULIKA
424011;24122;R/ SRI DEVANANDA MULIKA PIRIVENA;WATAPOTHA, NIVITHIGALA.;RATNAPURA;24;SABARAGAMUWA;NIVITHIGALA;NIVITHIGALA;MULIKA
424013;24123;R/ SRI GANGARAMA MULIKA PIRIVENA;DELA, RATHNAPURA.;RATNAPURA;24;SABARAGAMUWA;NIVITHIGALA;NIVITHIGALA;MULIKA
424046;24124;R/ SRI NALANDA MULIKA PIRIVENA;DELVALA, RATHNAPURA.;RATNAPURA;24;SABARAGAMUWA;NIVITHIGALA;NIVITHIGALA;MULIKA
424047;24125;R/ SRI SAMBUDDHATHWA JAYANTHI MULIKA PIRIVENA;IDDAMALGODA, PALMADULLA.;RATNAPURA;24;SABARAGAMUWA;RATNAPURA;DIPPITIGALA;MULIKA
0;24209;R/ SRI SOMANANDA DIVIBHASHA MULIKA PIRIVENA;BOPETHTHA, GETAHETHTHA.;RATNAPURA;24;SABARAGAMUWA;RATNAPURA;EHALIYAGODA;MULIKA
424009;24127;R/ THEPPANAWA SRI SUMANA MULIKA PIRIVENA;THEPPANAWA, KURUVITA.;RATNAPURA;24;SABARAGAMUWA;RATNAPURA;KURUWITA;MULIKA
424019;24128;R/ CHETHIYAGIRI MULIKA PIRIVENA;PUSSELLA, PARAKADUWA.;RATNAPURA;24;SABARAGAMUWA;RATNAPURA;KURUWITA;MULIKA
424026;24129;R/ SRI VIDYALOKA MULIKA PIRIVENA;KAHENGAMA, KURUVITA.;RATNAPURA;24;SABARAGAMUWA;RATNAPURA;KURUWITA;MULIKA
0;24130;CHITHTHANANDA MULIKA PIRIVENA;MILLAKADE DODAMPE RATHNAPURA;RATNAPURA;24;SABARAGAMUWA;RATNAPURA;KURUWITA;MULIKA
424043;24131;R/ SRI VIDYAPRADEEPA MULIKA PIRIVENA;ALUKETIYA, MATUVAGALA, KIRIELLA.;RATNAPURA;24;SABARAGAMUWA;RATNAPURA;KURUWITA;MULIKA
424031;24132;R/ SHASTHRODAYA MULIKA PIRIVENA;MARAPANA, RATHNAPURA.;RATNAPURA;24;SABARAGAMUWA;RATNAPURA;PELMADULLA;MULIKA
424035;24133;R/ SRI RATHANAPALA MULIKA PIRIVENA;MEEGAHAGODA, PELMADULLA.;RATNAPURA;24;SABARAGAMUWA;RATNAPURA;PELMADULLA;MULIKA
424044;24134;R/ SRI GNANASEEHA NAHIMI MULIKA PIRIVENA;BIKSHU TRAINING VIHARAYA, PATHAKADA, PELMADULLA.;RATNAPURA;24;SABARAGAMUWA;RATNAPURA;PELMADULLA;MULIKA
0;24135;R/ SRI VIDYAWARDHANA MULIKA PIRIVENA;MILLAVITIYA, KURUVITA.;RATNAPURA;24;SABARAGAMUWA;RATNAPURA;RATNAPURA;MULIKA
424048;24136;R/ SIRI SARANANKARA DIVIBASHA DARMADUTHA MULIKA PIRIVENA;SRI RATHNARAMAYA, PAHALA BOPITIYA, PALMADULLA.;RATNAPURA;24;SABARAGAMUWA;RATNAPURA;RATNAPURA;MULIKA
424014;24137;R/ SIRI VISUDDHARAMA MULIKA PIRIVENA;MUWAGAMA, RATHNAPURA.;RATNAPURA;24;SABARAGAMUWA;RATNAPURA;RATNAPURA;MULIKA
424030;24138;R/ SRI VIDYAGNANA MULIKA PIRIVENA;THIRIVANAKETIYA, RATHNAPURA.;RATNAPURA;24;SABARAGAMUWA;RATNAPURA;RATNAPURA I;MULIKA
424008;24201;R/ SRI SHANTHINIKETHANA MAHA PIRIVENA;KARAGASTHALAWA, BELIHULKOYA, RATHNAPURA.;RATNAPURA;24;SABARAGAMUWA;BALANGODA;IMBULPE;MAHA
424017;24202;R/ SRI GNANASEHA MAHA PIRIVENA;99 GAGE YAYA, EMBILIPITIYA.;RATNAPURA;24;SABARAGAMUWA;EMBILIPITIYA;EMBILIPITIYA;MAHA
424029;24203;R/EMBI BODHIRAJA DHARMAYATHANA MAHA PIRIVENA;HINGURAARA, EMBILIPITIYA.;RATNAPURA;24;SABARAGAMUWA;EMBILIPITIYA;EMBILIPITIYA;MAHA
424007;24204;R/ SRI SUDHARMODAYA MAHA PIRIVENA;BALANGODA RD, PELMADULLA.;RATNAPURA;24;SABARAGAMUWA;RATNAPURA;PELMADULLA;MAHA
424006;24205;R/ SRI SUMANA MAHA PIRIVENA;MUDDUWA, RATHNAPURA.;RATNAPURA;24;SABARAGAMUWA;RATNAPURA;RATNAPURA I;MAHA
424032;24206;R/ SRI VIDYANANDA MAHA PIRIVENA;HIDELLENA, RATHNAPURA.;RATNAPURA;24;SABARAGAMUWA;RATNAPURA;RATNAPURA I;MAHA
404056;24207;R/SRI GNANOBASA MAHA PIRIVENA;MALWALA MALWALA JUNCTION, RATHNAPURA.;RATNAPURA;24;SABARAGAMUWA;RATNAPURA;RATNAPURA II;MAHA
424023;24208;R/ SRI DHARMAYATHANA MAHA PIRIVENA;MAHAWALA, RATHNAPURA.;RATNAPURA;24;SABARAGAMUWA;RATNAPURA;RATNAPURA II;MAHA
0;24210;R/ SRI SUMANANANDA DWEEBHASHA MAHA PIRIVENA;KUKULEGAMA,;RATNAPURA;24;SABARAGAMUWA;NIVITHIGALA;NIVITHIGALA;
425041;25101;KE/ SRI SARANANDA MULIKA PIRIVENA;BORALANKADA,DEHIOVITA.;KEGALLE;25;SABARAGAMUWA;DEHIOWITA;DEHIOWITA;MULIKA
425046;25102;KE/ SIRISUMANA THAKSHILA MULIKA PIRIVENA;KITHULGALA, KEGALLE.;KEGALLE;25;SABARAGAMUWA;DEHIOWITA;KITHULGALA;MULIKA
0;25103;KE/DEHI/ SRI PAGNASARA MULIKA PIRIVENA;GOONARAMBA,KANNATHTHOTA.;KEGALLE;25;SABARAGAMUWA;DEHIOWITA;RUWANWELLA;MULIKA
425029;25104;KE/ SRI REWATHA SOMANANDA MULIKA PIRIVENA;DORANUWA,RUWANWELLA.;KEGALLE;25;SABARAGAMUWA;DEHIOWITA;RUWANWELLA;MULIKA
425034;25105;KE/ SRI JAYAWARDENA MULIKA PIRIVENA;KEHELWATHTHA,WATHURA,KEGALLE.;KEGALLE;25;SABARAGAMUWA;KEGALLE;KEGALLE;MULIKA
0;25106;KE/ SRI JINARATHANA MULIKA PIRIVENA;ROTUWA,MORONTHOTA.;KEGALLE;25;SABARAGAMUWA;KEGALLE;KEGALLE;MULIKA
425014;25107;KE/ SRI GANATHILAKA MULIKA PIRIVENA;ALAPALAWALA,WATHURA.;KEGALLE;25;SABARAGAMUWA;KEGALLE;KEGALLE;MULIKA
425040;25108;KE/ SRI DARMAGYANA DARMAYATHANA MAHA PIRIVENA;MAKURAWA RAJAMAHA VIHARAYA,MAKURA,HETTIMULLA,KEGALLE.;KEGALLE;25;SABARAGAMUWA;KEGALLE;KEGALLE;MULIKA
425026;25109;KE/ SRI SOMANANDA MULIKA PIRIVENA;PUWAKGAHADENIYA,TAAMBUGALA,DANOVITA.;KEGALLE;25;SABARAGAMUWA;KEGALLE;WARAKAPOLA;MULIKA
425045;25110;KE/ VIDYAPRAKASHANA MULIKA PIRIVENA;PILANDUWA, WARAKAPOLA.;KEGALLE;25;SABARAGAMUWA;KEGALLE;WARAKAPOLA;MULIKA
425043;25111;KE/MAWA/ SUDARMALANKARA MULIKA PIRIVENA;JAYATHILAKARAMAYA,ATTAPITIYA, USSAPITIYA.;KEGALLE;25;SABARAGAMUWA;MAWANELLA;ARANAYAKA;MULIKA
425022;25112;KE/ SRI REWATHA MULIKA PIRIVENA;UDAMAKADAWARA,HIGULA.;KEGALLE;25;SABARAGAMUWA;MAWANELLA;MAWANELLA;MULIKA
425044;25113;KE/ SRI SAMBUDDATHWA JAYANTHI MULIKA PIRIVENA;BAUDA MANDIRAYA,HEMMATHAGAMA.;KEGALLE;25;SABARAGAMUWA;MAWANELLA;MAWANELLA;MULIKA
425016;25114;KE/MAWA/ SRI MAHA BODHI MULIKA PIRIVENA;ANWARAMA,HINGULA.;KEGALLE;25;SABARAGAMUWA;MAWANELLA;MAWANELLA;MULIKA
425025;25115;KE/MAWA/ SIRI SUMANGALA MULIKA PIRIVENA;SIYMABALAPITIYA,MAWANELLA.;KEGALLE;25;SABARAGAMUWA;MAWANELLA;MAWANELLA;MULIKA
0;25116;KE/MAWA/ VIDYAWARDANA MULIKA PIRIVENA;POTGUL VIHARAYA,BELIGAMMANA,,MAWANELLA.;KEGALLE;25;SABARAGAMUWA;MAWANELLA;MAWANELLA;MULIKA
425035;25117;KE/ SRI SADDARMODAYA MULIKA PIRIVENA;KUMBALDEVELA,MOLAGODA,KEGALLE.;KEGALLE;25;SABARAGAMUWA;MAWANELLA;RAMBUKKANA;MULIKA
425042;25118;KE/MAWA/ KIRTHI SRI RAJASINGHA MULIKA PIRIVENA;SANDAGIRI VIHARAYA,WALKOTUWAWATTA,RAMBUKKANA.;KEGALLE;25;SABARAGAMUWA;MAWANELLA;RAMBUKKANA;MULIKA
425008;25119;KE/DEHI/ SRI SUSELODAYA MULIKA PIRIVENA;DEHIOWITA;KEGALLE;25;SABARAGAMUWA;DEHIOWITA;;
425018;25201;KE/DEHI/RUWA/ SRI SADHANANDARAMA MAHA PIRIVENA;THALAWATHTHA,LEWANGAMA,RUWANWELLA.;KEGALLE;25;SABARAGAMUWA;DEHIOWITA;RUWANWELLA;MAHA
425010;25202;KE/ SADARTHODAYA MAHA PIRIVENA;ADURAPOTHA,DEWALEGAMA.;KEGALLE;25;SABARAGAMUWA;KEGALLE;GALIGAMUWA;MAHA
425013;25203;KE/ SRI PAGNODAYA MAHA PIRIVENA;ELAGALLE,UDUGODA.;KEGALLE;25;SABARAGAMUWA;KEGALLE;GALIGAMUWA;MAHA
425036;25204;KE/GALI/ SRI CHANDODAYA MAHA PIRIVENA;DADUWALGANE PURANA VIHARAYA,DEMATANPITIYA,HAKAHINNA.;KEGALLE;25;SABARAGAMUWA;KEGALLE;GALIGAMUWA;MAHA
425023;25205;KE/ SRI SOMANANDA MAHA PIRIVENA;ALAWATHURA.;KEGALLE;25;SABARAGAMUWA;KEGALLE;KEGALLE;MAHA
425031;25206;KE/GALI/ VIDYASAGARA MAHA PIRIVENA;AMPE,KOTIYAKUBURA.;KEGALLE;25;SABARAGAMUWA;KEGALLE;KEGALLE;MAHA
425006;25207;KE/ VIDYA NIWASA MAHA PIRIVENA;AKERIYAGALA,DICKKOHUPITIYA,HETTIMULLA.;KEGALLE;25;SABARAGAMUWA;KEGALLE;KEGALLE;MAHA
425003;25208;KE/ SRI SEELANANDA MAHA PIRIVENA;NAPE,NELUMDENIYA.;KEGALLE;25;SABARAGAMUWA;KEGALLE;KEGALLE;MAHA
425009;25209;KE/ VIDYAWASA MAHA PIRIVENA;MINUWANGAMUWA,HETIMULLA,KEGALLE.;KEGALLE;25;SABARAGAMUWA;KEGALLE;KEGALLE;MAHA
425019;25210;KE/ DEEWELA SRI BODHIRAJA MAHA PIRIVENA;DEEWELA UDAGAMA,DEEWELA PALLEGAMA,KEGALLE.;KEGALLE;25;SABARAGAMUWA;KEGALLE;KEGALLE;MAHA
425033;25211;KE/ SIRI SEELAWANSA DARMAYATHANA MAHA PIRIVENA;DEVELA,PALLEGAMA,KEGALLE.;KEGALLE;25;SABARAGAMUWA;KEGALLE;KEGALLE;MAHA
425017;25212;KE/ RAJAMAHA VIHARA MULIKA PIRIVENA;MAHENA,WARAKAPOLA.;KEGALLE;25;SABARAGAMUWA;KEGALLE;WARAKAPOLA;MAHA
425027;25213;KE/ SRI DHAMMARATHANA MAHA PIRIVENA;MANGEDARA,TULHIRIYA.;KEGALLE;25;SABARAGAMUWA;KEGALLE;WARAKAPOLA;MAHA
425028;25214;KE/WARA/ SIRI SILAWIMALA MAHA PIRIVENA;DORAWAKA,WARAKAPOLA.;KEGALLE;25;SABARAGAMUWA;KEGALLE;WARAKAPOLA;MAHA
425007;25215;KE/ SRI SUDARSHANARAMA MAHA PIRIVENA;POLABEGODA,USSAPITIYA.;KEGALLE;25;SABARAGAMUWA;MAWANELLA;ARANAYAKA;MAHA
0;25216;KE/ SRI SOMANANDA MAHA PIRIVENA;ANGODAGAMA,HIGULA.;KEGALLE;25;SABARAGAMUWA;MAWANELLA;MAWANELLA;MAHA
425001;25217;KE/MAWA/ ANANDODAYA MAHA PIRIVENA;WAHAWA,RABUKKANA.;KEGALLE;25;SABARAGAMUWA;MAWANELLA;RAMBUKKANA;MAHA
425011;25218;KE/MAWA/ SRI VIDYA SRI MAHA PIRIVENA;PARAPE,RABUKKANA.;KEGALLE;25;SABARAGAMUWA;MAWANELLA;RAMBUKKANA;MAHA
425012;25219;KE/MAWA/ SRI VIDYAMANGALA MAHA PIRIVENA;MANGALAGAMA,MOLAGODA,KEGALLE.;KEGALLE;25;SABARAGAMUWA;MAWANELLA;RAMBUKKANA;MAHA
0;24139;R/ SIRI SUMANGALA MULIKA PIRIVENA;HALPE;KEGALLE;25;SABARAGAMUWA;MAWANELLA;DODAMPE;MULIKA
0;2223;GAM/ SRI VIDYALOKA MAHA PIRIVENA;MULAGANDAKUTI VIHARAYA, WELISARA,;GAMPAHA;2;WESTERN;KELANIYA;MAHARA;MAHA
0;8149;MR/SIRI SUMANARATHANA MULIKA PIRIVENA;WARAKAPITIYA,;MATARA;8;SOUTHERN;;DENIPITIYA;MULIKA
418024;18239;KU/ SRI MAHINDA MAHA PIRIVENA;GETTUWANA ROAD,;KURUNEGALA;18;NORTH WESTERN;KURUNEGALA;;MAHA
0;18142;KU/SHASTHRARAVINDA MULIKA PIRIVENA;POLGOLLA,;KURUNEGALA;19;NORTH WESTERN;KURUNEGALA;;MULIKA
;;;;;;;;;
;;;;;;;;;
;;;;;;;;;
;;;;;;;;;
;;;;;;;;;
;;;;;;;;;
;;;;;;;;;
;;;;;;;;;
;;;;;;;;;
;;;;;;;;;
;;;;;;;;;
;;;;;;;;;
;;;;;;;;;
;;;;;;;;;
;;;;;;;;;
;;;;;;;;;
;;;;;;;;;
;;;;;;;;;
;;;;;;;;;
;;;;;;;;;
;;;;;;;;;
;;;;;;;;;
;;;;;;;;;
;;;;;;;;;
;;;;;;;;;
;;;;;;;;;
;;;;;;;;;
;;;;;;;;;
;;;;;;;;;
;;;;;;;;;
;;;;;;;;;
;;;;;;;;;
;;;;;;;;;
;;;;;;;;;
;;;;;;;;;
;;;;;;;;;
;;;;;;;;;
;;;;;;;;;
;;;;;;;;;
;;;;;;;;;
;;;;;;;;;
;;;;;;;;;
;;;;;;;;;
;;;;;;;;;
;;;;;;;;;
;;;;;;;;;
;;;;;;;;;
;;;;;;;;;
;;;;;;;;;
;;;;;;;;;
;;;;;;;;;
;;;;;;;;;
;;;;;;;;;
;;;;;;;;;
;;;;;;;;;
;;;;;;;;;
;;;;;;;;;
;;;;;;;;;
;;;;;;;;;
;;;;;;;;;
;;;;;;;;;
;;;;;;;;;
;;;;;;;;;
;;;;;;;;;
;;;;;;;;;
;;;;;;;;;
;;;;;;;;;
;;;;;;;;;
;;;;;;;;;
;;;;;;;;;
;;;;;;;;;
;;;;;;;;;
;;;;;;;;;
;;;;;;;;;
;;;;;;;;;
;;;;;;;;;
;;;;;;;;;
;;;;;;;;;
;;;;;;;;;
;;;;;;;;;
;;;;;;;;;
;;;;;;;;;
;;;;;;;;;
;;;;;;;;;
;;;;;;;;;
;;;;;;;;;
;;;;;;;;;
;;;;;;;;;
;;;;;;;;;
;;;;;;;;;
;;;;;;;;;
;;;;;;;;;
;;;;;;;;;
;;;;;;;;;
;;;;;;;;;
;;;;;;;;;
;;;;;;;;;
;;;;;;;;;
;;;;;;;;;
;;;;;;;;;
;;;;;;;;;
;;;;;;;;;
;;;;;;;;;
;;;;;;;;;
;;;;;;;;;
;;;;;;;;;
;;;;;;;;;
;;;;;;;;;
;;;;;;;;;
;;;;;;;;;
;;;;;;;;;
;;;;;;;;;
;;;;;;;;;
;;;;;;;;;
;;;;;;;;;
;;;;;;;;;
;;;;;;;;;
;;;;;;;;;
;;;;;;;;;
;;;;;;;;;
;;;;;;;;;
;;;;;;;;;
;;;;;;;;;
;;;;;;;;;
;;;;;;;;;
;;;;;;;;;
;;;;;;;;;
;;;;;;;;;
;;;;;;;;;
;;;;;;;;;
;;;;;;;;;
;;;;;;;;;
;;;;;;;;;
;;;;;;;;;
;;;;;;;;;
;;;;;;;;;
;;;;;;;;;
;;;;;;;;;
;;;;;;;;;
;;;;;;;;;
;;;;;;;;;
;;;;;;;;;
;;;;;;;;;
;;;;;;;;;
;;;;;;;;;
;;;;;;;;;
;;;;;;;;;
;;;;;;;;;
;;;;;;;;;
;;;;;;;;;
;;;;;;;;;
;;;;;;;;;
;;;;;;;;;
;;;;;;;;;
;;;;;;;;;
;;;;;;;;;
;;;;;;;;;
;;;;;;;;;
;;;;;;;;;
;;;;;;;;;
;;;;;;;;;
;;;;;;;;;
;;;;;;;;;
;;;;;;;;;
;;;;;;;;;
;;;;;;;;;
;;;;;;;;;
;;;;;;;;;
;;;;;;;;;
;;;;;;;;;
;;;;;;;;;
;;;;;;;;;
